site_id,nearest_hydro_operating_id,nearest_hydro_operating_km,nearest_hydro_operating_mw,nearest_hydro_pipeline_id,nearest_hydro_pipeline_km,nearest_hydro_pipeline_mw,nearest_hydro_pipeline_target_year,hydro_adjacency_tier
industropolis-batang,plta_mrica,68.7,184.0,rptl_malea,1187.4,90.0,2027,operating_within_200km
batam-tourism-and-international-healthcare,plta_singkarak,422.8,175.0,rptl_batang_toru,542.8,510.0,2026,none
bumi-serpong-damai,plta_jatiluhur,84.1,187.0,rptl_batang_toru,1220.6,510.0,2026,operating_within_200km
setangga,plta_bakaru,392.9,126.0,rptl_malea,427.7,90.0,2027,none
tanjung-sauh,plta_singkarak,442.9,175.0,rptl_batang_toru,571.4,510.0,2026,none
kek-arun-lhokseumawe,plta_tangga,366.2,317.0,rptl_peusangan,69.4,88.0,2026,pipeline_within_200km_pre2030
kek-sanur,plta_sutami,314.5,105.0,rptl_malea,818.8,90.0,2027,none
kek-kendal,plta_mrica,91.2,184.0,rptl_malea,1158.2,90.0,2027,operating_within_200km
kek-sorong,plta_tonsea_tanggari,748.3,36.0,rptl_mamberamo,768.5,1380.0,2034,none
kek-singhasari,plta_sutami,81.4,105.0,rptl_malea,941.5,90.0,2027,operating_within_200km
kek-morotai,plta_tonsea_tanggari,398.6,36.0,rptl_poso_iii,952.9,240.0,2028,none
kek-gresik,plta_sutami,123.7,105.0,rptl_malea,930.1,90.0,2027,operating_within_200km
kek-likupang,plta_tonsea_tanggari,37.7,36.0,rptl_poso_iii,598.8,240.0,2028,operating_within_50km
kek-bitung,plta_tonsea_tanggari,16.1,36.0,rptl_poso_iii,578.9,240.0,2028,operating_within_50km
kek-palu,plta_poso,116.4,515.0,rptl_poso_iii,112.7,240.0,2028,operating_within_200km
kek-kura-kura,plta_sutami,311.8,105.0,rptl_malea,824.2,90.0,2027,none
kek-galang-batang,plta_singkarak,487.3,175.0,rptl_batang_toru,626.9,510.0,2026,none
kek-maloy-batuta,plta_poso,391.0,515.0,rptl_kayan_1,319.1,900.0,2029,none
kek-nongsa,plta_singkarak,442.1,175.0,rptl_batang_toru,560.8,510.0,2026,none
kek-mandalika,plta_sutami,429.6,105.0,rptl_malea,771.6,90.0,2027,none
kek-batam-aero-technic,plta_singkarak,442.7,175.0,rptl_batang_toru,564.9,510.0,2026,none
kek-tanjung-kelayang,plta_jatiluhur,441.2,187.0,rptl_kayan_2,1046.2,1900.0,2032,none
kek-lido,plta_cirata,56.7,1008.0,rptl_batang_toru,1268.3,510.0,2026,operating_within_200km
kek-tanjung-lesung,plta_cirata,186.1,1008.0,rptl_batang_toru,1161.3,510.0,2026,operating_within_200km
kek-sei-mangkei,plta_tangga,62.6,317.0,rptl_asahan_iv,52.5,174.0,2027,operating_within_200km
semen-gresik-tuban,plta_wonogiri,156.5,12.0,rptl_malea,986.9,90.0,2027,operating_within_200km
indocement-citeureup,plta_cirata,52.8,1008.0,rptl_batang_toru,1252.8,510.0,2026,operating_within_200km
semen-padang-indarung,plta_singkarak,37.6,175.0,rptl_batang_toru,326.6,510.0,2026,operating_within_50km
semen-tonasa,plta_bakaru,166.0,126.0,rptl_malea,205.4,90.0,2027,operating_within_200km
sbi-narogong,plta_cirata,48.8,1008.0,rptl_batang_toru,1256.9,510.0,2026,operating_within_50km
conch-cement-serang,plta_jatiluhur,160.5,187.0,rptl_batang_toru,1143.3,510.0,2026,operating_within_200km
conch-cement-north-sulawesi,plta_tonsea_lama,105.7,14.0,rptl_poso_iii,451.0,240.0,2028,operating_within_200km
semen-bosowa-maros,plta_bakaru,183.9,126.0,rptl_malea,223.6,90.0,2027,operating_within_200km
red-lion-hongshi-tonga,plta_poso,402.7,515.0,rptl_kayan_1,308.2,900.0,2029,none
semen-baturaja,plta_jatiluhur,446.5,187.0,rptl_batang_toru,853.9,510.0,2026,none
sbi-tuban,plta_wonogiri,158.4,12.0,rptl_malea,987.3,90.0,2027,operating_within_200km
indocement-palimanan,plta_jatigede,34.6,110.0,rptl_kayan_2,1298.4,1900.0,2032,operating_within_50km
cemindo-gemilang-bayah,plta_cirata,122.1,1008.0,rptl_batang_toru,1243.6,510.0,2026,operating_within_200km
sbi-cilacap,plta_mrica,68.4,184.0,rptl_malea,1315.1,90.0,2027,operating_within_200km
semen-imasco-asiatic-jember,plta_sutami,116.1,105.0,rptl_malea,929.0,90.0,2027,operating_within_200km
si-gresik-rembang,plta_wonogiri,126.6,12.0,rptl_malea,1032.3,90.0,2027,operating_within_200km
semeru-surya-semen-kutai,plta_poso,405.1,515.0,rptl_kayan_2,380.3,1900.0,2032,none
indocement-kotabaru-tarjun,plta_bakaru,389.8,126.0,rptl_malea,424.5,90.0,2027,none
semen-grobogan,plta_wonogiri,92.6,12.0,rptl_malea,1126.8,90.0,2027,operating_within_200km
semen-garuda-bekasi,plta_jatiluhur,20.5,187.0,rptl_batang_toru,1275.7,510.0,2026,operating_within_50km
sbi-andalas-lhoknga,plta_sigura_gura,530.7,286.0,rptl_peusangan,207.0,88.0,2026,none
semen-jawa-scg-sukabumi,plta_saguling,59.2,700.0,rptl_batang_toru,1290.2,510.0,2026,operating_within_200km
semen-bosowa-banyuwangi,plta_sutami,213.7,105.0,rptl_malea,841.5,90.0,2027,none
cemindo-gemilang-ciwandan,plta_jatiluhur,167.3,187.0,rptl_batang_toru,1144.7,510.0,2026,operating_within_200km
conch-south-kalimantan,plta_bakaru,486.4,126.0,rptl_kayan_2,506.3,1900.0,2032,none
cemindo-gemilang-batam,plta_singkarak,439.9,175.0,rptl_batang_toru,567.0,510.0,2026,none
semen-bosowa-batam,plta_singkarak,440.0,175.0,rptl_batang_toru,567.1,510.0,2026,none
semen-jakarta,plta_jatiluhur,164.1,187.0,rptl_batang_toru,1147.8,510.0,2026,operating_within_200km
semen-gresik-city,plta_sutami,115.1,105.0,rptl_malea,931.0,90.0,2027,operating_within_200km
solusi-bangun-cilegon,plta_jatiluhur,167.5,187.0,rptl_batang_toru,1144.4,510.0,2026,operating_within_200km
semen-kupang,plta_bakaru,880.8,126.0,rptl_malea,897.7,90.0,2027,none
conch-west-kalimantan,plta_jatiluhur,758.1,187.0,rptl_kayan_2,756.9,1900.0,2032,none
krakatau-steel-cilegon,plta_jatiluhur,163.6,187.0,rptl_batang_toru,1146.5,510.0,2026,operating_within_200km
krakatau-posco-cilegon,plta_jatiluhur,166.7,187.0,rptl_batang_toru,1144.3,510.0,2026,operating_within_200km
dexin-steel-morowali,plta_sulewana,227.5,195.0,rptl_poso_iii,236.2,240.0,2028,none
gunung-raja-paksi-bekasi,plta_jatiluhur,40.4,187.0,rptl_batang_toru,1254.4,510.0,2026,operating_within_50km
master-steel-jakarta,plta_jatiluhur,64.5,187.0,rptl_batang_toru,1230.7,510.0,2026,operating_within_200km
jakarta-prima-steel-industries,plta_jatiluhur,63.3,187.0,rptl_batang_toru,1231.9,510.0,2026,operating_within_200km
ispat-indo-sidoarjo,plta_sutami,96.5,105.0,rptl_malea,936.0,90.0,2027,operating_within_200km
virtue-dragon-nickel-industrial-park-vdnip,plta_bakaru,322.9,126.0,rptl_malea,299.9,90.0,2027,none
bantaeng-industrial-park-bip,plta_bakaru,258.1,126.0,rptl_malea,290.4,90.0,2027,none
obi-island-industrial-park,plta_tonsea_lama,425.6,14.0,rptl_poso_iii,753.3,240.0,2028,none
indonesia-pomalaa-industry-park-ipip,plta_bakaru,242.4,126.0,rptl_malea,231.8,90.0,2027,none
nusantara-industri-sejati,plta_bakaru,315.0,126.0,rptl_malea,292.4,90.0,2027,none
indonesia-morowali-industrial-park-imip,plta_sulewana,226.9,195.0,rptl_poso_iii,235.6,240.0,2028,none
stardust-estate-invesment-sei,plta_sulewana,115.9,195.0,rptl_poso_iii,124.0,240.0,2028,operating_within_200km
industrial-weda-bay-industrial-park-iwip,plta_tonsea_tanggari,352.2,36.0,rptl_poso_iii,837.5,240.0,2028,none
buli-industrial-park,plta_tonsea_tanggari,364.5,36.0,rptl_poso_iii,866.6,240.0,2028,none
indonesia-konawe-industrial-park-ikip,plta_sulewana,219.4,195.0,rptl_seko_1,206.5,70.0,2029,none
inalum-asahan,plta_tangga,90.7,317.0,rptl_asahan_iv,80.6,174.0,2027,operating_within_200km
freeport-smelter-gresik,plta_sutami,124.9,105.0,rptl_malea,927.8,90.0,2027,operating_within_200km
pupuk-kaltim-bontang,plta_poso,391.6,515.0,rptl_kayan_2,339.7,1900.0,2032,none
pupuk-sriwidjaja-palembang,plta_jatiluhur,487.7,187.0,rptl_batang_toru,818.1,510.0,2026,none
petrokimia-gresik,plta_sutami,117.3,105.0,rptl_malea,929.4,90.0,2027,operating_within_200km
pupuk-kujang-cikampek,plta_jatiluhur,15.5,187.0,rptl_batang_toru,1291.2,510.0,2026,operating_within_50km
pupuk-iskandar-muda-lhokseumawe,plta_tangga,369.3,317.0,rptl_peusangan,70.4,88.0,2026,pipeline_within_200km_pre2030
