site_id,year,area_ha,zone_classification,energy_intensity_mwh_per_ha_yr,capacity_annual_tonnes,sector_intensity_key,sector_intensity_mwh_per_tonne,demand_mwh,demand_mwh_user,demand_source,is_demand_provisional
industropolis-batang,2030,2886.87,Industri dan Pariwisata,736.0,,,,2124736.32,,area_x_intensity,True
batam-tourism-and-international-healthcare,2030,47.17,Jasa lainnya,800.0,,,,37736.0,,area_x_intensity,True
bumi-serpong-damai,2030,59.68,Jasa lainnya,800.0,,,,47744.0,,area_x_intensity,True
setangga,2030,557.34,,675.0,,,,376204.5,,area_fallback_median,True
tanjung-sauh,2030,557.34,,675.0,,,,376204.5,,area_fallback_median,True
kek-arun-lhokseumawe,2030,2622.48,Industri,660.0,,,,1730836.8,,area_x_intensity,True
kek-sanur,2030,41.2599625886,Pariwisata,504.0,,,,20795.021144654398,,area_x_intensity,True
kek-kendal,2030,1000.0,Industri,660.0,,,,660000.0,,area_x_intensity,True
kek-sorong,2030,523.7,Industri,660.0,,,,345642.00000000006,,area_x_intensity,True
kek-singhasari,2030,120.3,Pariwisata,504.0,,,,60631.2,,area_x_intensity,True
kek-morotai,2030,1101.76,Pariwisata,504.0,,,,555287.04,,area_x_intensity,True
kek-gresik,2030,2167.0,Industri,660.0,,,,1430220.0,,area_x_intensity,True
kek-likupang,2030,197.4,Pariwisata,504.0,,,,99489.6,,area_x_intensity,True
kek-bitung,2030,534.0,Industri,660.0,,,,352440.0,,area_x_intensity,True
kek-palu,2030,1500.0,Industri,660.0,,,,990000.0,,area_x_intensity,True
kek-kura-kura,2030,498.0,Pariwisata,504.0,,,,250992.0,,area_x_intensity,True
kek-galang-batang,2030,2333.6,Industri,660.0,,,,1540176.0,,area_x_intensity,True
kek-maloy-batuta,2030,557.34,Industri,660.0,,,,367844.4,,area_x_intensity,True
kek-nongsa,2030,166.45,Pariwisata,504.0,,,,83890.79999999999,,area_x_intensity,True
kek-mandalika,2030,1035.67,Pariwisata,504.0,,,,521977.68000000005,,area_x_intensity,True
kek-batam-aero-technic,2030,30.0,Industri,660.0,,,,19800.0,,area_x_intensity,True
kek-tanjung-kelayang,2030,324.4,Pariwisata,504.0,,,,163497.59999999998,,area_x_intensity,True
kek-lido,2030,1040.0,Pariwisata,504.0,,,,524160.0,,area_x_intensity,True
kek-tanjung-lesung,2030,1500.0,Pariwisata,504.0,,,,756000.0,,area_x_intensity,True
kek-sei-mangkei,2030,2002.77,Industri,660.0,,,,1321828.2,,area_x_intensity,True
semen-gresik-tuban,2030,,,,15000000.0,cement,0.11,1650000.0,,sector_intensity,True
indocement-citeureup,2030,,,,11900000.0,cement,0.11,1309000.0,,sector_intensity,True
semen-padang-indarung,2030,,,,8800000.0,cement,0.11,968000.0,,sector_intensity,True
semen-tonasa,2030,,,,7400000.0,cement,0.11,814000.0,,sector_intensity,True
sbi-narogong,2030,,,,6060000.0,cement,0.11,666600.0,,sector_intensity,True
conch-cement-serang,2030,,,,4400000.0,cement,0.11,484000.0,,sector_intensity,True
conch-cement-north-sulawesi,2030,,,,4400000.0,cement,0.11,484000.0,,sector_intensity,True
semen-bosowa-maros,2030,,,,4200000.0,cement,0.11,462000.0,,sector_intensity,True
red-lion-hongshi-tonga,2030,,,,4000000.0,cement,0.11,440000.0,,sector_intensity,True
semen-baturaja,2030,,,,3850000.0,cement,0.11,423500.0,,sector_intensity,True
sbi-tuban,2030,,,,3730000.0,cement,0.11,410300.0,,sector_intensity,True
indocement-palimanan,2030,,,,3620000.0,cement,0.11,398200.0,,sector_intensity,True
cemindo-gemilang-bayah,2030,,,,3500000.0,cement,0.11,385000.0,,sector_intensity,True
sbi-cilacap,2030,,,,3230000.0,cement,0.11,355300.0,,sector_intensity,True
semen-imasco-asiatic-jember,2030,,,,3000000.0,cement,0.11,330000.0,,sector_intensity,True
si-gresik-rembang,2030,,,,3000000.0,cement,0.11,330000.0,,sector_intensity,True
semeru-surya-semen-kutai,2030,,,,3000000.0,cement,0.11,330000.0,,sector_intensity,True
indocement-kotabaru-tarjun,2030,,,,2600000.0,cement,0.11,286000.0,,sector_intensity,True
semen-grobogan,2030,,,,2500000.0,cement,0.11,275000.0,,sector_intensity,True
semen-garuda-bekasi,2030,,,,2500000.0,cement,0.11,275000.0,,sector_intensity,True
sbi-andalas-lhoknga,2030,,,,1840000.0,cement,0.11,202400.0,,sector_intensity,True
semen-jawa-scg-sukabumi,2030,,,,1800000.0,cement,0.11,198000.0,,sector_intensity,True
semen-bosowa-banyuwangi,2030,,,,1800000.0,cement,0.11,198000.0,,sector_intensity,True
cemindo-gemilang-ciwandan,2030,,,,1750000.0,cement,0.11,192500.0,,sector_intensity,True
conch-south-kalimantan,2030,,,,1500000.0,cement,0.11,165000.0,,sector_intensity,True
cemindo-gemilang-batam,2030,,,,1200000.0,cement,0.11,132000.0,,sector_intensity,True
semen-bosowa-batam,2030,,,,1200000.0,cement,0.11,132000.0,,sector_intensity,True
semen-jakarta,2030,,,,1000000.0,cement,0.11,110000.0,,sector_intensity,True
semen-gresik-city,2030,,,,900000.0,cement,0.11,99000.0,,sector_intensity,True
solusi-bangun-cilegon,2030,,,,600000.0,cement,0.11,66000.0,,sector_intensity,True
semen-kupang,2030,,,,500000.0,cement,0.11,55000.0,,sector_intensity,True
conch-west-kalimantan,2030,,,,500000.0,cement,0.11,55000.0,,sector_intensity,True
krakatau-steel-cilegon,2030,,,,4000000.0,steel_eaf,0.5,2000000.0,,sector_intensity,True
krakatau-posco-cilegon,2030,,,,3000000.0,steel_bfbof,0.2,600000.0,,sector_intensity,True
dexin-steel-morowali,2030,,,,7000000.0,steel_bfbof,0.2,1400000.0,,sector_intensity,True
gunung-raja-paksi-bekasi,2030,,,,1820000.0,steel_eaf,0.5,910000.0,,sector_intensity,True
master-steel-jakarta,2030,,,,2000000.0,steel_eaf,0.5,1000000.0,,sector_intensity,True
jakarta-prima-steel-industries,2030,,,,900000.0,steel_eaf,0.5,450000.0,,sector_intensity,True
ispat-indo-sidoarjo,2030,,,,700000.0,steel_eaf,0.5,350000.0,,sector_intensity,True
virtue-dragon-nickel-industrial-park-vdnip,2030,,,,2000000.0,nickel_rkef,37.5,75000000.0,,sector_intensity,True
bantaeng-industrial-park-bip,2030,,,,263300.0,nickel_rkef,37.5,9873750.0,,sector_intensity,True
obi-island-industrial-park,2030,,,,1970000.0,nickel_rkef,37.5,73875000.0,,sector_intensity,True
indonesia-pomalaa-industry-park-ipip,2030,,,,2227000.0,nickel_rkef,37.5,83512500.0,,sector_intensity,True
nusantara-industri-sejati,2030,,,,2000000.0,nickel_rkef,37.5,75000000.0,,sector_intensity,True
indonesia-morowali-industrial-park-imip,2030,,,,6014929.0,nickel_rkef,37.5,225559837.5,,sector_intensity,True
stardust-estate-invesment-sei,2030,,,,,nickel_rkef,37.5,,,sector_intensity_missing_inputs,True
industrial-weda-bay-industrial-park-iwip,2030,,,,1741000.0,nickel_rkef,37.5,65287500.0,,sector_intensity,True
buli-industrial-park,2030,,,,40500.0,nickel_rkef,37.5,1518750.0,,sector_intensity,True
indonesia-konawe-industrial-park-ikip,2030,,,,,nickel_rkef,37.5,,,sector_intensity_missing_inputs,True
inalum-asahan,2030,,,,250000.0,aluminium,15.0,3750000.0,,sector_intensity,True
freeport-smelter-gresik,2030,,,,300000.0,aluminium,15.0,4500000.0,,sector_intensity,True
pupuk-kaltim-bontang,2030,,,,2400000.0,fertilizer,1.0,2400000.0,,sector_intensity,True
pupuk-sriwidjaja-palembang,2030,,,,2000000.0,fertilizer,1.0,2000000.0,,sector_intensity,True
petrokimia-gresik,2030,,,,3400000.0,fertilizer,1.0,3400000.0,,sector_intensity,True
pupuk-kujang-cikampek,2030,,,,1140000.0,fertilizer,1.0,1140000.0,,sector_intensity,True
pupuk-iskandar-muda-lhokseumawe,2030,,,,1140000.0,fertilizer,1.0,1140000.0,,sector_intensity,True
