site_id,site_name,site_type,sector,primary_product,capacity_annual,capacity_annual_tonnes,technology,parent_company,developer,legal_basis,area_ha,category,province,grid_region_id,zone_classification,status,latitude,longitude,pvout_centroid,cf_centroid,pvout_best_50km,cf_best_50km,pvout_buildable_best_50km,buildable_area_ha,regional_groundmount_potential_mwp_50km,buildability_constraint,resource_quality,dist_to_nearest_substation_km,dist_solar_to_nearest_substation_km,nearest_substation_capacity_mva,siting_scenario,grid_integration_category,same_grid_region,line_connected,inter_substation_connected,inter_substation_dist_km,available_capacity_mva,capacity_assessment,nearest_substation_capacity_source,solar_search_method,chosen_anchor_substation_name,solar_supply_share_pct,solar_delivered_share_pct,project_scale_solar_mwp,solar_regime,within_boundary_coverage_pct,within_boundary_coverage_hard_max_pct,firm_solar_coverage_pct,nighttime_demand_mwh,storage_required_mwh,storage_gap_pct,project_viable,demand_mwh_2030,lcoe_low_usd_mwh,lcoe_mid_usd_mwh,lcoe_high_usd_mwh,lcoe_grid_connected_usd_mwh,lcoe_grid_connected_capped_usd_mwh,lcoe_grid_connected_low_usd_mwh,lcoe_grid_connected_high_usd_mwh,lcoe_generation_usd_mwh,full_system_lcoe_delivered_usd_mwh,full_system_lcoe_firm_4h_usd_mwh,full_system_lcoe_firm_8h_usd_mwh,lcos_4h_usd_mwh,lcos_8h_usd_mwh,connection_cost_per_kw,transmission_cost_per_kw,substation_upgrade_cost_per_kw,grid_investment_needed_usd,cf_used,is_cf_provisional,is_capex_provisional,lcoe_wind_mid_usd_mwh,lcoe_wind_allin_mid_usd_mwh,cf_wind,wind_speed_ms,best_re_technology,best_re_lcoe_mid_usd_mwh,re_competitive_gap_pct,dashboard_rate_usd_mwh,dashboard_rate_label,is_grid_cost_provisional,tariff_i3_usd_mwh,tariff_i4_usd_mwh,bpp_usd_mwh,incumbent_pln_marginal_daytime_usd_mwh,incumbent_pln_marginal_nighttime_usd_mwh,incumbent_pln_marginal_confidence,solar_competitive_gap_pct,solar_attractive,lcoe_mid_wacc8_usd_mwh,solar_competitive_gap_wacc8_pct,solar_now_at_wacc8,action_flag,solar_now,invest_transmission,invest_substation,invest_battery,grid_first,invest_resilience,plan_late,green_share_geas,geas_alloc_proportional_gwh,geas_alloc_empirical_gwh,green_share_geas_proportional_pct,green_share_geas_empirical_pct,geas_allocation_used,pre2030_solar_mw,post2030_share,grid_upgrade_pre2030,ruptl_summary,grid_emission_factor_t_co2_mwh,carbon_breakeven_usd_tco2,clean_power_advantage,data_completeness
industropolis-batang,Industropolis Batang,kek,mixed,,,,,PT Kawasan Industri Terpadu Batang,PT Kawasan Industri Terpadu Batang,Government Regulation (PP) Number 12 of 2025,2886.87,Manufacturing,Central Java,JAVA_BALI,Industri dan Pariwisata,Active,-6.930301,109.9617023,1541.8,0.176,1583.7,0.1808,1560.4,768.9,512.6,land_cover,partial_filter (0/6 layers),13.11,3.5,12.0,remote_captive,grid_first,True,True,True,21.65,1.8,red,actual,best_pvout_fallback,,0.372,0.3764,413.44,co_located_captive,0.12411694925043687,1.3870740864447595,0.917,1239429.5,1424631.6,0.583,True,2124736.32,67.66,77.44,118.06,93.09,93.09,83.42,133.27,77.44,93.09,127.3,177.06,171.07,167.93,97.5,0.0,79.4,90678940.0,0.1762,False,False,499.14,94.68,0.05,3.01,solar,77.44,22.8,63.08,"I-4/TT LWBP, Permen ESDM No.7/2024",False,65.56,63.08,57.5,63.25,69.0,jamali_coal_dominant,22.8,False,66.22,5.0,False,not_competitive,False,False,False,False,False,False,False,0.10089430147068448,214.37378681579273,159.5472261703911,0.10089430147068448,0.07509036517547321,proportional,1610,0.37207488299531977,True,1610 MW solar planned in JAVA_BALI by 2030,0.8,18.9,-22.8,complete
batam-tourism-and-international-healthcare,Batam Tourism and International Healthcare,kek,mixed,,,,,PT Karunia Praja Pesona,PT Karunia Praja Pesona,Government Regulation (PP) Number 39 of 2024,47.17,Service,Riau Islands,SUMATERA,Jasa lainnya,Active,1.1377283591127,103.92457856774,1325.0,0.1513,1360.7,0.1553,1327.1,4560.1,3040.1,land_cover,partial_filter (0/6 layers),5.85,1.17,30.0,remote_captive,grid_ready,True,True,True,4.86,10.5,green,actual,substation_anchored,GI 150 kV Tg. Uncang,1.0,1.0,8.54,co_located_captive,0.0,0.0,263.091,22012.7,25301.9,0.583,True,37736.0,78.79,90.18,137.5,108.47,108.47,97.09,155.7,90.18,108.47,142.68,192.44,171.07,167.93,85.8,0.0,79.8,503440560.0,0.1513,True,False,274.56,156.78,0.0909,4.16,solar,90.18,43.0,63.08,"I-4/TT LWBP, Permen ESDM No.7/2024",False,65.56,63.08,86.79,104.15,121.51,mixed_dispatch,43.0,False,77.12,22.3,False,not_competitive,False,False,False,False,False,False,False,0.08246546346860628,3.111916729451327,1.244766691780531,0.08246546346860628,0.03298618538744252,proportional,660,0.589041095890411,True,660 MW solar planned in SUMATERA by 2030,0.77,37.1,-43.0,complete
bumi-serpong-damai,"Banten International Education, Technology, and Health",kek,mixed,,,,,PT Surya Inter Wisesa,PT Surya Inter Wisesa,Government Regulation No. 38 of 2024,59.68,Service,Banten,JAVA_BALI,Jasa lainnya,Active,-6.308799293523,106.65753024663,1325.0,0.1513,1472.8,0.1681,1330.7,4618.9,3079.3,land_cover,partial_filter (0/6 layers),0.41,1.65,60.0,remote_captive,grid_ready,True,True,True,6.63,18.0,green,proxy_150kV,substation_anchored,GI 150 kV Lengkong,1.0,1.0,10.81,co_located_captive,0.0,0.0,227.976,27850.7,32012.3,0.583,True,47744.0,78.79,90.18,137.5,108.36,108.36,97.02,155.47,90.18,108.36,142.57,192.32,171.07,167.93,88.2,0.0,79.5,516398610.0,0.1513,True,False,499.14,136.78,0.05,3.07,solar,90.18,43.0,63.08,"I-4/TT LWBP, Permen ESDM No.7/2024",False,65.56,63.08,57.5,63.25,69.0,jamali_coal_dominant,43.0,False,77.12,22.3,False,not_competitive,False,False,False,False,False,False,False,0.1008943014706845,4.817097529416361,5.780517035299633,0.1008943014706845,0.1210731617648214,proportional,1610,0.37207488299531977,True,1610 MW solar planned in JAVA_BALI by 2030,0.8,35.7,-43.0,complete
setangga,Setangga,kek,mixed,,,,,PT Dua Samudera Perkasa,PT Dua Samudera Perkasa,Government Regulation Number 26 of 2024,,Manufacturing,South Kalimantan,KALIMANTAN,,Active,-3.2813775344249,116.07748257442,1337.7,0.1527,1419.5,0.162,1320.7,11254.9,7503.3,land_cover,partial_filter (0/6 layers),10.99,3.01,2.5,remote_captive,grid_first,True,True,True,29.84,0.9,red,actual,substation_anchored,GI 150 kV Batulicin,1.0,1.0,84.37,co_located_captive,0.0,1.5958335426609729,67.948,219452.6,252244.4,0.583,True,376204.5,78.05,89.33,136.19,109.82,109.82,98.39,157.29,89.33,109.82,144.03,193.78,171.07,167.93,95.0,0.0,80.0,1313077500.0,0.1527,True,False,499.14,138.35,0.05,3.2,solar,89.33,41.6,63.08,"I-4/TT LWBP, Permen ESDM No.7/2024",False,65.56,63.08,86.59,129.88,147.2,diesel_peaking,41.6,False,76.39,21.1,False,not_competitive,False,False,False,False,False,False,False,0.12961485561845254,48.76169195051212,30.795882758828558,0.12961485561845254,0.08185942156148732,proportional,327,0.2997858672376874,True,327 MW solar planned in KALIMANTAN by 2030,1.16,23.4,-41.6,complete
tanjung-sauh,Tanjung Sauh,kek,mixed,,,,,PT BATAMRAYA SUKSES PERKASA,PT BATAMRAYA SUKSES PERKASA,Government Regulation Number 24 of 2024,,Manufacturing,Riau Islands,SUMATERA,,Active,1.0429294494269,104.17274106649,1311.8,0.1498,1383.0,0.1579,1321.6,13422.6,8948.4,land_cover,partial_filter (0/6 layers),4.92,4.34,60.0,remote_captive,invest_substation,True,True,True,6.68,21.0,red,actual,substation_anchored,GI 150 kV Tg. Kasam,1.0,1.0,86.01,co_located_captive,0.0,1.800303664629211,78.95,219452.6,252244.4,0.583,True,376204.5,79.59,91.09,138.88,110.32,110.32,98.9,157.75,91.09,110.32,144.53,194.28,171.07,167.93,101.7,0.0,79.8,1624134600.0,0.1497,True,False,238.6,117.57,0.1046,4.35,solar,91.09,44.4,63.08,"I-4/TT LWBP, Permen ESDM No.7/2024",False,65.56,63.08,86.79,104.15,121.51,mixed_dispatch,44.4,False,77.9,23.5,False,not_competitive,False,False,False,False,False,False,False,0.08246546346860628,31.02387845147529,12.409551380590118,0.08246546346860628,0.03298618538744252,proportional,660,0.589041095890411,True,660 MW solar planned in SUMATERA by 2030,0.77,38.4,-44.4,complete
kek-arun-lhokseumawe,Arun Lhokseumawe,kek,mixed,,,,,PT Patriot Nusantara Aceh,PT Patriot Nusantara Aceh,Government Regulation Number 5 of 2017,2622.48,Manufacturing,Aceh,SUMATERA,Industri,Active,5.2199197298726,97.080259039528,1414.7,0.1615,1452.0,0.1657,1403.1,2313.9,1542.6,land_cover,partial_filter (0/6 layers),1.12,9.22,60.0,within_boundary,within_boundary,True,True,True,15.26,15.0,red,actual,best_pvout_fallback,,1.0,1.0,367.03,co_located_captive,0.0,1.2944376904858967,3.106,1009654.8,1160522.8,0.583,True,1730836.8,73.8,84.47,128.78,105.86,105.86,95.11,150.54,84.47,105.86,140.07,189.82,171.07,167.93,126.1,0.0,79.1,316541520.0,0.1615,True,False,499.14,112.1,0.05,3.57,solar,84.47,33.9,63.08,"I-4/TT LWBP, Permen ESDM No.7/2024",False,65.56,63.08,86.79,104.15,121.51,mixed_dispatch,33.9,False,72.23,14.5,False,not_competitive,False,False,False,False,False,False,False,0.08246546346860628,142.7342589005194,110.01905074456623,0.08246546346860628,0.06356408111068948,proportional,660,0.589041095890411,True,660 MW solar planned in SUMATERA by 2030,0.77,29.3,-33.9,complete
kek-sanur,Sanur,kek,mixed,,,,,PT Hotel Indonesia Natour,PT Hotel Indonesia Natour,Government Regulation Number 41 of 2022,41.2599625886,Service,Bali,JAVA_BALI,Pariwisata,Active,-8.6942352931407,115.26295962249,1672.4,0.1909,1712.9,0.1955,1685.2,1531.2,1020.8,land_cover,partial_filter (0/6 layers),2.42,3.19,210.0,remote_captive,grid_ready,True,True,True,6.67,52.5,green,actual,substation_anchored,GI 150 kV Sanur,1.0,1.0,3.73,co_located_captive,0.0,2.227719783391925,201.802,12130.4,13943.0,0.583,True,20795.0211446544,62.43,71.45,108.94,85.79,85.79,76.84,122.99,71.45,85.79,120.0,169.76,171.07,167.93,96.0,0.0,75.1,174658880.0,0.1909,True,False,499.14,91.19,0.05,3.36,solar,71.45,13.3,63.08,"I-4/TT LWBP, Permen ESDM No.7/2024",False,65.56,63.08,57.5,63.25,69.0,jamali_coal_dominant,13.3,False,61.1,-3.1,True,not_competitive,False,False,False,False,False,False,False,0.10089430147068448,2.0980991324580196,1.0070875835798494,0.10089430147068448,0.04842926470592855,proportional,1610,0.37207488299531977,True,1610 MW solar planned in JAVA_BALI by 2030,0.8,11.0,-13.3,complete
kek-kendal,Kendal,kek,mixed,,,,,PT Kawasan Industri Kendal,PT Kawasan Industri Kendal,PP no 85 2019,1000.0,Manufacturing,Central Java,JAVA_BALI,Industri,Active,-6.9355648813555,110.24833446931,1562.6,0.1784,1583.7,0.1808,1561.1,1196.0,797.3,land_cover,partial_filter (0/6 layers),3.1,3.85,12.0,remote_captive,grid_first,True,,True,,4.2,red,actual,best_pvout_fallback,,1.0,1.0,126.7,co_located_captive,0.13458574242424243,1.5883009848484848,4.592,385000.0,442528.7,0.583,True,660000.0,66.88,76.54,116.7,93.19,93.19,83.53,133.35,76.54,93.19,127.4,177.16,171.07,167.93,99.2,0.0,79.6,142557240.0,0.1782,False,False,499.14,94.76,0.05,3.49,solar,76.54,21.3,63.08,"I-4/TT LWBP, Permen ESDM No.7/2024",False,65.56,63.08,57.5,63.25,69.0,jamali_coal_dominant,21.3,False,65.46,3.8,False,not_competitive,False,False,False,False,False,False,False,0.1008943014706845,66.59023897065177,45.84323284282168,0.1008943014706845,0.06945944370124497,proportional,1610,0.37207488299531977,True,1610 MW solar planned in JAVA_BALI by 2030,0.8,17.7,-21.3,complete
kek-sorong,Sorong,kek,mixed,,,,,PT Malamoi Olom Wobok,PT Malamoi Olom Wobok,Government Regulation Number 31 of 2016,523.7,Manufacturing,West Papua,PAPUA,Industri,Active,-1.0292733746334,131.24345068184,1403.1,0.1602,1531.9,0.1749,1387.5,3527.7,2351.8,kawasan_hutan,partial_filter (0/6 layers),1.07,3.03,60.0,remote_captive,invest_substation,True,True,True,10.32,18.0,red,proxy_150kV,substation_anchored,GI 150 kV PLTMG Sorong,1.0,1.0,73.89,co_located_captive,0.0,1.3972463415904313,25.016,201624.5,231752.3,0.583,True,345642.00000000006,74.41,85.16,129.84,104.49,104.49,93.61,149.67,85.16,104.49,138.7,188.46,171.07,167.93,95.2,0.0,79.4,410624280.0,0.1602,True,False,499.14,113.43,0.05,3.38,solar,85.16,35.0,63.08,"I-4/TT LWBP, Permen ESDM No.7/2024",False,65.56,63.08,116.53,291.32,256.37,remote_diesel_dominated,35.0,False,72.83,15.5,False,not_competitive,False,False,False,False,False,False,False,0.0,0.0,0.0,0.0,0.0,proportional,0,0.0,False,0 MW solar planned in PAPUA by 2030,0.56,42.5,-35.0,complete
kek-singhasari,Singhasari,kek,mixed,,,,,PT Intelegensia Grahatama,PT Intelegensia Grahatama,PP 68 Tahun 2019,120.3,Service,East Java,JAVA_BALI,Pariwisata,Active,-7.5151962757576,112.7434025685,1624.2,0.1854,1694.0,0.1934,1624.6,4863.1,3242.1,land_cover,partial_filter (0/6 layers),5.14,4.01,40.0,remote_captive,grid_ready,True,True,True,4.06,14.0,green,actual,substation_anchored,GI 70 kV Porong,1.0,1.0,11.2,co_located_captive,0.0,2.1671644301943553,217.398,35368.2,40653.1,0.583,True,60631.2,64.28,73.57,112.17,89.61,89.61,80.32,128.2,73.57,89.61,123.82,173.58,171.07,167.93,100.0,0.0,79.7,582605370.0,0.1854,True,False,499.14,127.62,0.05,3.16,solar,73.57,16.6,63.08,"I-4/TT LWBP, Permen ESDM No.7/2024",False,65.56,63.08,57.5,63.25,69.0,jamali_coal_dominant,16.6,False,62.92,-0.3,True,not_competitive,False,False,False,False,False,False,False,0.1008943014706845,6.117342571329366,2.936324434238095,0.1008943014706845,0.04842926470592856,proportional,1610,0.37207488299531977,True,1610 MW solar planned in JAVA_BALI by 2030,0.8,13.8,-16.6,complete
kek-morotai,Morotai,kek,mixed,,,,,Jababeka Group,Jababeka Group,Government Regulation no. 50 of 2014,1101.76,Service,North Maluku,MALUKU,Pariwisata,Active,2.3750901219475,128.41811690865,1310.3,0.1496,1572.4,0.1795,1562.9,687.9,458.6,land_cover,partial_filter (0/6 layers),213.96,169.98,120.0,remote_captive,invest_substation,True,,True,,42.0,red,actual,best_pvout_fallback,,1.0,1.0,127.12,grid_connected_ipp,0.0,1.7397924323967653,3.117,323917.4,372318.9,0.583,True,555287.04,79.68,91.2,139.04,154.35,75.0,144.7,194.46,91.2,154.35,188.56,238.32,171.07,167.93,929.9,0.0,73.8,460296820.0,0.1496,True,False,499.14,166.84,0.05,3.04,solar,91.2,44.6,63.08,"I-4/TT LWBP, Permen ESDM No.7/2024",False,65.56,63.08,124.38,310.95,273.64,remote_diesel_dominated,44.6,False,77.99,23.6,False,not_competitive,False,False,False,False,False,False,False,0.0,0.0,0.0,0.0,0.0,proportional,0,0.0,False,0 MW solar planned in MALUKU by 2030,0.6,50.2,-44.6,complete
kek-gresik,Gresik,kek,mixed,,,,,PT Berkah Kawasan Manyar Sejahtera,PT Berkah Kawasan Manyar Sejahtera,Peraturan Pemerintah nomor 71 tahun 2021,2167.0,Manufacturing,East Java,JAVA_BALI,Industri,Active,-7.0854668845705,112.60680989557,1546.5,0.1765,1635.6,0.1867,1539.3,4270.0,2846.7,land_cover,partial_filter (0/6 layers),2.6,3.55,330.0,remote_captive,invest_substation,True,,True,,49.5,red,actual,substation_anchored,GI 150 kV Manyar,0.3694,0.3677,277.51,co_located_captive,0.18388628322915357,1.5579733048062534,7.813,834295.0,958959.8,0.583,True,1430220.0,67.8,77.6,118.32,94.22,94.22,84.42,134.95,77.6,94.22,128.43,178.18,171.07,167.93,97.8,0.0,77.2,498172500.0,0.1758,False,False,303.99,178.38,0.0821,4.03,solar,77.6,23.0,63.08,"I-4/TT LWBP, Permen ESDM No.7/2024",False,65.56,63.08,57.5,63.25,69.0,jamali_coal_dominant,23.0,False,66.36,5.2,False,not_competitive,False,False,False,False,False,False,False,0.10089430147068448,144.30104784940235,69.26450296771314,0.10089430147068448,0.04842926470592856,proportional,1610,0.37207488299531977,True,1610 MW solar planned in JAVA_BALI by 2030,0.8,19.1,-23.0,complete
kek-likupang,Likupang,kek,mixed,,,,,PT Minahasa Permai Resort Development,PT Minahasa Permai Resort Development,PP 84 tahun 2019,197.4,Service,North Sulawesi,SULAWESI,Pariwisata,Active,1.680721711081,125.15739596932,1580.8,0.1805,1618.8,0.1848,1506.4,516.1,344.1,land_cover,partial_filter (0/6 layers),7.43,3.07,60.0,remote_captive,invest_substation,True,True,True,0.12,18.0,yellow,proxy_150kV,substation_anchored,GI 150 kV Likupang (New) 1,1.0,1.0,18.88,co_located_captive,0.0,1.8224795355494443,13.437,58035.6,66707.6,0.583,True,99489.6,66.04,75.59,115.25,95.99,95.99,85.97,137.6,75.59,95.99,130.2,179.96,171.07,167.93,95.3,0.0,75.8,58875510.0,0.1805,True,False,287.53,70.82,0.0868,4.1,solar,75.59,19.8,63.08,"I-4/TT LWBP, Permen ESDM No.7/2024",False,65.56,63.08,73.57,117.71,132.43,diesel_peaking,19.8,False,64.64,2.5,False,not_competitive,False,False,False,False,False,False,False,0.0007621444646948772,0.07582544793470745,0.018198107504329788,0.0007621444646948772,0.0001829146715267705,proportional,206,0.4938574938574939,True,206 MW solar planned in SULAWESI by 2030,0.63,21.2,-19.8,complete
kek-bitung,Bitung,kek,mixed,,,,,PT Membangun Sulut Hebat (MSH),PT Membangun Sulut Hebat (MSH),Government Regulation Number 32 of 2014,534.0,Manufacturing,North Sulawesi,SULAWESI,Industri,Active,1.4243289186209,125.10987982233,1504.9,0.1718,1618.8,0.1848,1397.6,1892.7,1261.8,land_cover,partial_filter (0/6 layers),1.71,5.69,90.0,within_boundary,within_boundary,True,False,True,22.82,22.5,red,actual,substation_anchored,GI 70 kV Tonsealama,1.0,1.0,70.26,co_located_captive,0.0,1.638378532516173,13.909,205590.0,236310.3,0.583,True,352440.0,69.37,79.4,121.06,104.75,104.75,93.95,149.61,79.4,104.75,138.96,188.72,171.07,167.93,108.5,0.0,78.3,235704240.0,0.1718,True,False,499.14,71.25,0.05,3.0,solar,79.4,25.9,63.08,"I-4/TT LWBP, Permen ESDM No.7/2024",False,65.56,63.08,73.57,117.71,132.43,diesel_peaking,25.9,False,67.9,7.6,False,not_competitive,False,False,False,False,False,False,False,0.0007621444646948771,0.26861019513706247,0.064466446832895,0.0007621444646948771,0.00018291467152677053,proportional,206,0.4938574938574939,True,206 MW solar planned in SULAWESI by 2030,0.63,27.7,-25.9,complete
kek-palu,Palu,kek,mixed,,,,,PT Bangun Palu Sulawesi Tengah,PT Bangun Palu Sulawesi Tengah,Government Regulation Number 31 of 2014,1500.0,Manufacturing,Central Sulawesi,SULAWESI,Industri,Active,-0.71188721731303,119.8703393558,1451.6,0.1657,1541.0,0.1759,1478.6,13165.6,8777.1,land_cover,partial_filter (0/6 layers),17.38,1.39,90.0,remote_captive,invest_substation,True,True,True,19.45,31.5,red,actual,substation_anchored,GI 150 kV Donggala 1,0.4206,0.4284,204.61,co_located_captive,0.0,1.4298993131313131,32.789,577500.0,663793.1,0.583,True,990000.0,71.92,82.32,125.51,97.44,97.44,87.23,139.84,82.32,97.44,131.65,181.4,171.07,167.93,87.0,0.0,79.8,1464020280.0,0.1657,True,False,,117.75,0.0,2.66,solar,82.32,30.5,63.08,"I-4/TT LWBP, Permen ESDM No.7/2024",False,65.56,63.08,73.57,117.71,132.43,diesel_peaking,30.5,False,70.4,11.6,False,not_competitive,False,False,False,False,False,False,False,0.0007621444646948771,0.7545230200479283,0.18521222339439788,0.0007621444646948771,0.00018708305393373524,proportional,206,0.4938574938574939,True,206 MW solar planned in SULAWESI by 2030,0.63,32.6,-30.5,complete
kek-kura-kura,Kura Kura Bali,kek,mixed,,,,,PT Bali Turtle Island Development,PT Bali Turtle Island Development,PP No 23 Tahun 2023,498.0,Service,Bali,JAVA_BALI,Pariwisata,Active,-8.7312613066451,115.23086607725,1684.5,0.1923,1712.9,0.1955,1684.8,1446.0,964.0,land_cover,partial_filter (0/6 layers),2.58,3.22,60.0,remote_captive,invest_substation,True,,True,,18.0,red,proxy_150kV,substation_anchored,GIS 150 kV Pesanggaran,0.3806,0.3807,44.7,co_located_captive,0.0,1.1416039156626507,15.789,146412.0,168289.7,0.583,True,250992.0,61.98,70.94,108.15,86.06,86.06,77.1,123.27,70.94,86.06,120.27,170.02,171.07,167.93,96.1,0.0,78.5,168314400.0,0.1923,True,False,428.82,91.19,0.0582,3.73,solar,70.94,12.5,63.08,"I-4/TT LWBP, Permen ESDM No.7/2024",False,65.56,63.08,57.5,63.25,69.0,jamali_coal_dominant,12.5,False,60.66,-3.8,True,not_competitive,False,False,False,False,False,False,False,0.10089430147068448,25.32366251473004,12.155358007070419,0.10089430147068448,0.04842926470592855,proportional,1610,0.37207488299531977,True,1610 MW solar planned in JAVA_BALI by 2030,0.8,10.3,-12.5,complete
kek-galang-batang,Galang Batang,kek,mixed,,,,,PT GBKEK Industri Pengolahan,PT GBKEK Industri Pengolahan,PP 42 tahun 2017,2333.6,Processing,Riau Islands,SUMATERA,Industri,Active,0.91112087616108,104.65970479459,1326.0,0.1514,1418.4,0.1619,1316.5,14713.8,9809.2,land_cover,partial_filter (0/6 layers),16.45,2.68,60.0,remote_captive,invest_substation,True,,True,,15.0,red,actual,substation_anchored,GI 150 kV Air Raja (60 MVA No.2),1.0,1.0,348.39,co_located_captive,0.7839142409698632,1.2739247008134136,21.681,898436.0,1032685.1,0.583,True,1540176.0,79.36,90.83,138.49,110.01,110.01,98.55,157.63,90.83,110.01,144.22,193.98,171.07,167.93,93.4,0.0,79.8,1698953440.0,0.1502,False,False,236.34,117.12,0.1056,4.37,solar,90.83,44.0,63.08,"I-4/TT LWBP, Permen ESDM No.7/2024",False,65.56,63.08,86.79,104.15,121.51,mixed_dispatch,44.0,False,77.68,23.1,False,not_competitive,False,False,False,False,False,False,False,0.08246546346860628,127.01132766322415,50.80453106528966,0.08246546346860628,0.03298618538744251,proportional,660,0.589041095890411,True,660 MW solar planned in SUMATERA by 2030,0.77,38.0,-44.0,complete
kek-maloy-batuta,Maloy Batuta Trans Kalimantan,kek,mixed,,,,,PT Maloy Batuta Trans Kalimantan,PT Maloy Batuta Trans Kalimantan,PP No 85 Tahun 2014,557.34,Manufacturing,East Kalimantan,KALIMANTAN,Industri,Active,0.81659915671314,117.93022440699,1362.9,0.1556,1422.8,0.1624,1388.1,8862.9,5908.6,land_cover,partial_filter (0/6 layers),55.64,61.11,60.0,remote_captive,invest_substation,True,,True,,9.0,red,actual,best_pvout_fallback,,1.0,1.0,80.96,grid_connected_ipp,0.0,1.4875973373524243,54.85,214575.9,246639.0,0.583,True,367844.4,76.6,87.68,133.67,128.76,75.0,117.89,173.93,87.68,128.76,162.97,212.72,171.07,167.93,385.6,0.0,79.8,2749862440.0,0.1556,True,False,499.14,150.41,0.05,3.32,solar,87.68,39.0,63.08,"I-4/TT LWBP, Permen ESDM No.7/2024",False,65.56,63.08,86.59,129.88,147.2,diesel_peaking,39.0,False,74.98,18.9,False,not_competitive,False,False,False,False,False,False,False,0.12961485561845254,47.678098796056304,13.349867662895765,0.12961485561845254,0.03629215957316671,proportional,327,0.2997858672376874,True,327 MW solar planned in KALIMANTAN by 2030,1.16,22.0,-39.0,complete
kek-nongsa,Nongsa,kek,mixed,,,,,PT Taman Resor Internet,PT Taman Resor Internet,PP no 68 Tahun 2021,166.45,Service,Riau Islands,SUMATERA,Pariwisata,Active,1.191175886339,104.09214803974,1319.8,0.1507,1381.2,0.1577,1324.2,6022.7,4015.1,land_cover,partial_filter (0/6 layers),3.35,4.34,3.0,remote_captive,grid_first,True,True,True,7.06,1.0,red,actual,substation_anchored,GI 150 kV Nongsa,1.0,1.0,19.06,co_located_captive,0.0,1.7258395437878769,158.654,48936.3,56248.6,0.583,True,83890.79999999999,79.1,90.54,138.04,110.11,110.11,98.71,157.45,90.54,110.11,144.32,194.08,171.07,167.93,101.7,0.0,80.0,729543670.0,0.1507,True,False,274.86,117.57,0.0908,4.15,solar,90.54,43.5,63.08,"I-4/TT LWBP, Permen ESDM No.7/2024",False,65.56,63.08,86.79,104.15,121.51,mixed_dispatch,43.5,False,77.43,22.7,False,not_competitive,False,False,False,False,False,False,False,0.08246546346860628,6.918093702752155,2.767237481100862,0.08246546346860628,0.03298618538744252,proportional,660,0.589041095890411,True,660 MW solar planned in SUMATERA by 2030,0.77,37.6,-43.5,complete
kek-mandalika,Mandalika,kek,mixed,,,,,PT Pengembangan Pariwisata Indonesia,PT Pengembangan Pariwisata Indonesia,PP No 52 Tahun 2014,1035.67,Service,West Nusa Tenggara,NTB,Pariwisata,Active,-8.8963124944653,116.29090641579,1652.7,0.1887,1730.5,0.1975,1664.8,2975.7,1983.8,land_cover,partial_filter (0/6 layers),1.81,5.3,30.0,remote_captive,invest_substation,True,,True,,10.5,red,actual,substation_anchored,GI 150 kV Kuta,1.0,1.0,94.73,co_located_captive,0.5433330597584172,2.8022698020344463,15.784,304487.0,349985.0,0.583,True,521977.68000000005,62.62,71.67,109.27,87.89,87.89,78.83,125.55,71.67,87.89,122.1,171.86,171.07,167.93,106.5,0.0,79.6,369185180.0,0.1903,False,False,252.86,80.04,0.0987,4.27,solar,71.67,13.6,63.08,"I-4/TT LWBP, Permen ESDM No.7/2024",False,65.56,63.08,112.56,123.82,135.07,jamali_coal_dominant,13.6,False,61.29,-2.8,True,not_competitive,False,False,False,False,False,False,False,0.0,0.0,0.0,0.0,0.0,proportional,0,0.0,False,0 MW solar planned in NTB by 2030,1.27,7.0,-13.6,complete
kek-batam-aero-technic,Batam Aero Technic,kek,mixed,,,,,PT Batam Teknik (BAT),PT Batam Teknik (BAT),PP No 67 tahun 2021,30.0,Manufacturing,Riau Islands,SUMATERA,Industri,Active,1.1393365211312,104.12432224421,1329.7,0.1518,1387.0,0.1583,1323.9,6883.2,4588.8,land_cover,partial_filter (0/6 layers),3.96,3.53,60.0,remote_captive,grid_ready,True,,True,,18.0,green,proxy_150kV,substation_anchored,GI 150 kV Nongsa 1,1.0,1.0,4.47,co_located_captive,0.0,0.0,771.475,11550.0,13275.9,0.583,True,19800.0,78.51,89.86,137.01,109.76,109.76,98.36,157.11,89.86,109.76,143.97,193.73,171.07,167.93,97.7,0.0,79.7,814053120.0,0.1518,True,False,257.29,117.35,0.097,4.24,solar,89.86,42.5,63.08,"I-4/TT LWBP, Permen ESDM No.7/2024",False,65.56,63.08,86.79,104.15,121.51,mixed_dispatch,42.5,False,76.85,21.8,False,not_competitive,False,False,False,False,False,False,False,0.08246546346860628,1.6328161766784044,0.6531264706713619,0.08246546346860628,0.03298618538744252,proportional,660,0.589041095890411,True,660 MW solar planned in SUMATERA by 2030,0.77,36.7,-42.5,complete
kek-tanjung-kelayang,Tanjung Kelayang,kek,mixed,,,,,Badan Usaha Pembangun dan Pengelola (BUPP) KEK Tanjung Kelayang,Badan Usaha Pembangun dan Pengelola (BUPP) KEK Tanjung Kelayang,PP No 6 Tahun 2016,324.4,Service,Bangka Belitung Islands,SUMATERA,Pariwisata,Active,-2.5711927695212,107.65499155301,1296.1,0.148,1407.8,0.1607,1264.9,4556.4,3037.6,land_cover,partial_filter (0/6 layers),22.42,3.54,30.0,remote_captive,invest_substation,True,,True,,10.5,red,actual,substation_anchored,GI 70 kV Tanjung Pandan,1.0,1.0,37.83,co_located_captive,0.0,1.9746987723367193,62.773,95373.6,109624.8,0.583,True,163497.59999999998,80.55,92.19,140.56,114.89,114.89,102.95,164.45,92.19,114.89,149.1,198.86,171.07,167.93,97.7,0.0,79.8,539174000.0,0.148,True,False,296.4,121.13,0.0842,4.06,solar,92.19,46.1,63.08,"I-4/TT LWBP, Permen ESDM No.7/2024",False,65.56,63.08,86.79,104.15,121.51,mixed_dispatch,46.1,False,78.84,25.0,False,not_competitive,False,False,False,False,False,False,False,0.08246546346860628,13.482905360004802,5.393162144001921,0.08246546346860628,0.03298618538744252,proportional,660,0.589041095890411,True,660 MW solar planned in SUMATERA by 2030,0.77,39.9,-46.1,complete
kek-lido,Lido,kek,mixed,,,,,PT MNCLand Lido,PT MNCLand Lido,PP no 69 tahun 2021,1040.0,Service,West Java,JAVA_BALI,Pariwisata,Active,-6.7536528309529,106.81210085326,1301.6,0.1486,1462.6,0.167,1416.6,2905.6,1937.1,land_cover,partial_filter (0/6 layers),11.36,9.88,60.0,remote_captive,invest_substation,True,False,True,45.71,18.0,red,proxy_150kV,best_pvout_fallback,,1.0,1.0,120.8,co_located_captive,0.4233374542124543,1.7193594322344323,12.973,305760.0,351448.3,0.583,True,524160.0,80.41,92.03,140.31,105.14,105.14,94.49,149.39,92.03,105.14,139.35,189.1,171.07,167.93,129.4,0.0,79.3,404272770.0,0.1482,False,False,420.15,102.58,0.0594,3.74,solar,92.03,45.9,63.08,"I-4/TT LWBP, Permen ESDM No.7/2024",False,65.56,63.08,57.5,63.25,69.0,jamali_coal_dominant,45.9,False,78.7,24.8,False,not_competitive,False,False,False,False,False,False,False,0.10089430147068448,52.88475705887397,63.461708470648766,0.10089430147068448,0.12107316176482136,proportional,1610,0.37207488299531977,True,1610 MW solar planned in JAVA_BALI by 2030,0.8,38.1,-45.9,complete
kek-tanjung-lesung,Tanjung Lesung,kek,mixed,,,,,PT Banten West Java Tourism Development,PT Banten West Java Tourism Development,KEK Tanjung Lesung,1500.0,Service,Banten,JAVA_BALI,Pariwisata,Active,-6.4817887185833,105.65248380886,1380.4,0.1576,1472.0,0.168,1397.9,171.0,114.0,land_cover,partial_filter (0/6 layers),9.06,31.67,120.0,remote_captive,invest_substation,True,,True,,30.0,red,actual,best_pvout_fallback,,0.2082,0.2108,114.0,grid_connected_ipp,0.0,1.5613492592592593,0.533,441000.0,506896.6,0.583,True,756000.0,75.63,86.56,131.98,113.58,75.0,102.78,158.42,86.56,113.58,147.79,197.54,171.07,167.93,238.4,0.0,55.0,33447600.0,0.1576,True,False,151.9,73.56,0.1643,5.2,solar,86.56,37.2,63.08,"I-4/TT LWBP, Permen ESDM No.7/2024",False,65.56,63.08,57.5,63.25,69.0,jamali_coal_dominant,37.2,False,74.03,17.4,False,not_competitive,False,False,False,False,False,False,False,0.10089430147068448,76.27609191183747,86.58839599555657,0.10089430147068448,0.11453491533803778,proportional,1610,0.37207488299531977,True,1610 MW solar planned in JAVA_BALI by 2030,0.8,30.9,-37.2,complete
kek-sei-mangkei,Sei Mangkei,kek,mixed,,,,,PT. Perkebunan Nusantara III,PT. Perkebunan Nusantara III,PP No 29 Tahun 2012,2002.77,Processing,North Sumatra,SUMATERA,Industri,Active,3.1324879221829,99.340577853012,1323.5,0.1511,1381.5,0.1577,1378.6,1890.4,1260.3,land_cover,partial_filter (0/6 layers),26.85,15.12,120.0,remote_captive,invest_substation,True,True,True,32.66,30.0,red,actual,best_pvout_fallback,,1.0,1.0,299.59,grid_connected_ipp,0.0,1.2618939813812415,3.161,771066.4,886283.3,0.583,True,1321828.2,78.88,90.29,137.65,110.12,75.0,99.17,155.59,90.29,110.12,144.33,194.08,171.07,167.93,155.6,0.0,77.7,294027990.0,0.1511,True,False,,209.76,0.0,2.65,solar,90.29,43.1,63.08,"I-4/TT LWBP, Permen ESDM No.7/2024",False,65.56,63.08,86.79,104.15,121.51,mixed_dispatch,43.1,False,77.21,22.4,False,not_competitive,False,False,False,False,False,False,False,0.08246546346860628,109.00517513887358,109.00517513887358,0.08246546346860628,0.08246546346860628,proportional,660,0.589041095890411,True,660 MW solar planned in SUMATERA by 2030,0.77,37.3,-43.1,complete
semen-gresik-tuban,Semen Gresik Tuban,standalone,cement,clinker,15.0 MTPA,15000000.0,Integrated,Semen Indonesia Group,,,,,East Java,JAVA_BALI,,Active,-6.866,111.913,1526.4,0.1743,1623.5,0.1853,1578.4,2136.0,1424.0,land_cover,partial_filter (0/6 layers),0.32,4.67,60.0,remote_captive,invest_substation,True,,True,,18.0,red,proxy_150kV,substation_anchored,GI 150 kV Kerek,0.4742,0.4904,324.19,grid_connected_ipp,0.0,0.021369600000000002,3.363,962500.0,1106321.8,0.583,True,1650000.0,68.4,78.28,119.36,92.43,75.0,82.87,132.15,78.28,92.43,126.64,176.4,171.07,167.93,103.3,0.0,79.0,259595200.0,0.1742,True,False,248.33,104.73,0.1005,4.29,solar,78.28,24.1,63.08,"I-4/TT LWBP, Permen ESDM No.7/2024",False,65.56,63.08,57.5,63.25,69.0,jamali_coal_dominant,24.1,False,66.95,6.1,False,not_competitive,False,False,False,False,False,False,False,0.10089430147068448,166.4755974266294,79.9082867647821,0.10089430147068448,0.04842926470592855,proportional,1610,0.37207488299531977,True,1610 MW solar planned in JAVA_BALI by 2030,0.8,20.0,-24.1,complete
indocement-citeureup,Indocement Citeureup,standalone,cement,clinker,11.9 MTPA,11900000.0,Integrated,Indocement / Heidelberg,,,,,West Java,JAVA_BALI,,Active,-6.479811,106.899118,1383.7,0.158,1467.3,0.1675,1355.1,6584.0,4389.3,land_cover,partial_filter (0/6 layers),1.02,5.05,60.0,remote_captive,invest_substation,True,True,True,5.91,18.0,red,proxy_150kV,substation_anchored,GI 150 kV ITP - Konsumen,0.7834,0.7672,283.73,grid_connected_ipp,0.0,0.06025278838808251,11.808,763583.3,877682.0,0.583,True,1309000.0,75.45,86.36,131.66,107.88,75.0,96.74,154.14,86.36,107.88,142.09,191.84,171.07,167.93,105.2,0.0,79.7,811581570.0,0.158,True,False,499.14,137.86,0.05,3.16,solar,86.36,36.9,63.08,"I-4/TT LWBP, Permen ESDM No.7/2024",False,65.56,63.08,57.5,63.25,69.0,jamali_coal_dominant,36.9,False,73.85,17.1,False,not_competitive,False,False,False,False,False,False,False,0.10089430147068448,132.070640625126,158.48476875015118,0.10089430147068448,0.12107316176482137,proportional,1610,0.37207488299531977,True,1610 MW solar planned in JAVA_BALI by 2030,0.8,30.6,-36.9,complete
semen-padang-indarung,Semen Padang Indarung,standalone,cement,clinker,8.8 MTPA,8800000.0,Integrated,Semen Indonesia Group,,,,,West Sumatra,SUMATERA,,Active,-0.947827,100.469967,1342.1,0.1532,1468.8,0.1677,,0.0,0.0,land_cover,provisional (no buildability filter),0.41,,100.0,remote_captive,invest_substation,False,,,,35.0,unknown,actual,,,,,,grid_connected_ipp,0.0,0.07944455578512395,,,,,False,968000.0,77.79,89.03,135.75,91.4,75.0,81.12,134.08,89.03,91.4,125.61,175.36,171.07,167.93,82.0,0.0,0.0,,0.1532,True,False,,72.26,0.0,1.45,solar,89.03,41.1,63.08,"I-4/TT LWBP, Permen ESDM No.7/2024",False,65.56,63.08,86.79,104.15,121.51,mixed_dispatch,41.1,False,76.14,20.7,False,no_solar_resource,False,False,False,False,False,False,False,0.08246546346860628,79.82656863761088,31.930627455044352,0.08246546346860628,0.03298618538744251,proportional,660,0.589041095890411,True,660 MW solar planned in SUMATERA by 2030,0.77,35.5,-41.1,complete
semen-tonasa,Semen Tonasa,standalone,cement,clinker,7.4 MTPA,7400000.0,Integrated,Semen Indonesia Group,,,,,South Sulawesi,SULAWESI,,Active,-4.789565,119.616409,1460.0,0.1667,1565.8,0.1787,,0.0,0.0,land_cover,provisional (no buildability filter),0.49,,95.0,remote_captive,invest_substation,False,,,,33.2,unknown,actual,,,,,,grid_connected_ipp,0.0,0.04448157248157248,,,,,False,814000.0,71.51,81.84,124.78,85.76,75.0,76.13,125.8,81.84,85.76,119.97,169.73,171.07,167.93,82.5,0.0,0.0,,0.1667,True,False,,63.22,0.0,2.93,solar,81.84,29.7,63.08,"I-4/TT LWBP, Permen ESDM No.7/2024",False,65.56,63.08,73.57,117.71,132.43,diesel_peaking,29.7,False,69.99,11.0,False,no_solar_resource,False,False,False,False,False,False,False,0.0007621444646948772,0.62038559426163,0.372231356556978,0.0007621444646948772,0.0004572866788169263,proportional,206,0.4938574938574939,True,206 MW solar planned in SULAWESI by 2030,0.63,31.8,-29.7,complete
sbi-narogong,SBI Narogong,standalone,cement,clinker,6.06 MTPA,6060000.0,Integrated,Semen Indonesia Group,,,,,West Java,JAVA_BALI,,Active,-6.503,106.928,1385.5,0.1582,1462.6,0.167,1380.6,5643.2,3762.1,land_cover,partial_filter (0/6 layers),4.53,3.1,60.0,remote_captive,invest_substation,True,,True,,18.0,red,proxy_150kV,substation_anchored,GI 70 kV Semen Lama,0.3554,0.3542,144.3,grid_connected_ipp,0.23656795679567955,1.6559756975697568,19.811,388850.0,446954.0,0.583,True,666600.0,75.47,86.38,131.7,105.06,75.0,94.13,150.47,86.38,105.06,139.27,189.02,171.07,167.93,95.5,0.0,79.6,658743710.0,0.1579,False,False,499.14,137.24,0.05,3.05,solar,86.38,36.9,63.08,"I-4/TT LWBP, Permen ESDM No.7/2024",False,65.56,63.08,57.5,63.25,69.0,jamali_coal_dominant,36.9,False,73.87,17.1,False,not_competitive,False,False,False,False,False,False,False,0.10089430147068448,67.25614136035827,80.70736963242993,0.10089430147068448,0.12107316176482137,proportional,1610,0.37207488299531977,True,1610 MW solar planned in JAVA_BALI by 2030,0.8,30.7,-36.9,complete
conch-cement-serang,Conch Cement Serang,standalone,cement,clinker,4.4 MTPA,4400000.0,Grinding,Anhui Conch (China),,,,,Banten,JAVA_BALI,,Active,-5.892955,106.082135,1449.8,0.1655,1467.7,0.1675,1437.6,1540.8,1027.2,land_cover,partial_filter (0/6 layers),0.58,2.66,60.0,remote_captive,invest_substation,True,False,True,14.61,18.0,red,proxy_150kV,substation_anchored,GI 150 kV PLTGU Cilegon,1.0,1.0,100.15,grid_connected_ipp,0.0,0.026659545454545453,7.476,282333.3,324521.1,0.583,True,484000.0,72.01,82.42,125.66,100.64,75.0,90.14,144.24,82.42,100.64,134.85,184.6,171.07,167.93,93.3,0.0,78.6,176575680.0,0.1655,True,False,472.67,115.39,0.0528,3.66,solar,82.42,30.7,63.08,"I-4/TT LWBP, Permen ESDM No.7/2024",False,65.56,63.08,57.5,63.25,69.0,jamali_coal_dominant,30.7,False,70.48,11.7,False,not_competitive,False,False,False,False,False,False,False,0.1008943014706845,48.83284191181129,58.59941029417355,0.1008943014706845,0.1210731617648214,proportional,1610,0.37207488299531977,True,1610 MW solar planned in JAVA_BALI by 2030,0.8,25.4,-30.7,complete
conch-cement-north-sulawesi,Conch Cement North Sulawesi,standalone,cement,clinker,4.4 MTPA,4400000.0,Integrated,Anhui Conch (China),,,,,North Sulawesi,SULAWESI,,Active,0.895624,124.081963,1538.5,0.1756,1612.9,0.1841,1588.1,1032.6,688.4,land_cover,partial_filter (0/6 layers),10.48,39.92,30.0,remote_captive,invest_substation,True,,True,,7.5,red,actual,best_pvout_fallback,,1.0,1.0,94.39,grid_connected_ipp,0.1815723347107438,2.18140305785124,5.506,282333.3,324521.1,0.583,True,484000.0,68.07,77.91,118.79,104.74,75.0,95.24,144.22,77.91,104.74,138.95,188.7,171.07,167.93,279.6,0.0,79.0,246860240.0,0.1751,False,False,242.3,79.43,0.103,4.33,solar,77.91,23.5,63.08,"I-4/TT LWBP, Permen ESDM No.7/2024",False,65.56,63.08,73.57,117.71,132.43,diesel_peaking,23.5,False,66.63,5.6,False,not_competitive,False,False,False,False,False,False,False,0.0007621444646948771,0.3688779209123205,0.08853070101895692,0.0007621444646948771,0.0001829146715267705,proportional,206,0.4938574938574939,True,206 MW solar planned in SULAWESI by 2030,0.63,25.1,-23.5,complete
semen-bosowa-maros,Semen Bosowa Maros,standalone,cement,clinker,4.2 MTPA,4200000.0,Integrated,Bosowa Corp,,,,,South Sulawesi,SULAWESI,,Active,-4.95,119.58,1506.7,0.172,1565.8,0.1787,,0.0,0.0,land_cover,provisional (no buildability filter),2.76,,30.0,remote_captive,invest_substation,False,,,,10.5,unknown,actual,,,,,,grid_connected_ipp,0.0,0.0,,,,,False,462000.0,69.29,79.31,120.92,89.89,75.0,80.25,129.93,79.31,89.89,124.1,173.86,171.07,167.93,93.8,0.0,44.3,,0.172,True,False,,63.55,0.0,2.65,solar,79.31,25.7,63.08,"I-4/TT LWBP, Permen ESDM No.7/2024",False,65.56,63.08,73.57,117.71,132.43,diesel_peaking,25.7,False,67.82,7.5,False,no_solar_resource,False,False,False,False,False,False,False,0.0007621444646948771,0.3521107426890332,0.2112664456134199,0.0007621444646948771,0.0004572866788169262,proportional,206,0.4938574938574939,True,206 MW solar planned in SULAWESI by 2030,0.63,27.5,-25.7,complete
red-lion-hongshi-tonga,Red Lion Hongshi Tonga,standalone,cement,clinker,4.0 MTPA,4000000.0,Integrated,Hongshi (China),,,,,East Kalimantan,KALIMANTAN,,Active,0.765,117.76,1361.8,0.1555,1422.8,0.1624,1389.6,20307.5,13538.3,land_cover,partial_filter (0/6 layers),39.05,21.68,60.0,remote_captive,invest_substation,True,,True,,9.0,red,actual,best_pvout_fallback,,1.0,1.0,96.9,grid_connected_ipp,0.0,2.5917529999999998,105.067,256666.7,295019.2,0.583,True,440000.0,76.66,87.75,133.78,112.16,75.0,101.3,157.28,87.75,112.16,146.37,196.12,171.07,167.93,188.4,0.0,79.9,3632325890.0,0.1555,True,False,499.14,205.47,0.05,3.03,solar,87.75,39.1,63.08,"I-4/TT LWBP, Permen ESDM No.7/2024",False,65.56,63.08,86.59,129.88,147.2,diesel_peaking,39.1,False,75.04,19.0,False,not_competitive,False,False,False,False,False,False,False,0.12961485561845254,57.03053647211912,15.968550212193353,0.12961485561845254,0.03629215957316671,proportional,327,0.2997858672376874,True,327 MW solar planned in KALIMANTAN by 2030,1.16,22.0,-39.1,complete
semen-baturaja,Semen Baturaja,standalone,cement,clinker,3.85 MTPA,3850000.0,Integrated,Semen Indonesia Group,,,,,South Sumatra,SUMATERA,,Active,-4.116636,104.161351,1399.0,0.1597,1444.3,0.1649,,0.0,0.0,land_cover,provisional (no buildability filter),1.35,,180.0,remote_captive,invest_substation,False,,,,45.0,unknown,actual,,,,,,grid_connected_ipp,0.0,0.0,,,,,False,423500.0,74.63,85.41,130.22,93.32,75.0,82.87,136.73,85.41,93.32,127.53,177.28,171.07,167.93,86.8,0.0,0.0,,0.1597,True,False,,122.85,0.0,2.57,solar,85.41,35.4,63.08,"I-4/TT LWBP, Permen ESDM No.7/2024",False,65.56,63.08,86.79,104.15,121.51,mixed_dispatch,35.4,False,73.04,15.8,False,no_solar_resource,False,False,False,False,False,False,False,0.08246546346860628,34.92412377895476,13.969649511581904,0.08246546346860628,0.03298618538744252,proportional,660,0.589041095890411,True,660 MW solar planned in SUMATERA by 2030,0.77,30.6,-35.4,complete
sbi-tuban,SBI Tuban,standalone,cement,clinker,3.73 MTPA,3730000.0,Integrated,Semen Indonesia Group,,,,,East Java,JAVA_BALI,,Active,-6.816488,111.885383,1576.8,0.18,1623.5,0.1853,1581.3,2392.6,1595.1,land_cover,partial_filter (0/6 layers),0.75,3.91,12.0,remote_captive,grid_first,True,True,True,0.04,4.2,red,actual,substation_anchored,GI 150 kV Mliwang - KTT Holcim 1,1.0,1.0,78.06,grid_connected_ipp,0.0,0.03958332927126493,15.148,239341.7,275105.4,0.583,True,410300.0,66.21,75.78,115.54,92.04,75.0,82.49,131.68,75.78,92.04,126.25,176.0,171.07,167.93,99.5,0.0,79.8,286001430.0,0.18,True,False,211.5,104.55,0.118,4.54,solar,75.78,20.1,63.08,"I-4/TT LWBP, Permen ESDM No.7/2024",False,65.56,63.08,57.5,63.25,69.0,jamali_coal_dominant,20.1,False,64.81,2.7,False,not_competitive,False,False,False,False,False,False,False,0.1008943014706845,41.39693189342184,19.870527308842487,0.1008943014706845,0.04842926470592856,proportional,1610,0.37207488299531977,True,1610 MW solar planned in JAVA_BALI by 2030,0.8,16.7,-20.1,complete
indocement-palimanan,Indocement Palimanan,standalone,cement,clinker,3.62 MTPA,3620000.0,Integrated,Indocement / Heidelberg,,,,,West Java,JAVA_BALI,,Active,-6.7146,108.3981,1457.1,0.1663,1557.8,0.1778,1453.8,1452.9,968.6,land_cover,partial_filter (0/6 layers),6.28,6.86,120.0,remote_captive,invest_substation,True,,True,,30.0,red,actual,substation_anchored,GI 150 kV Arjawinangun Baru (120 MVA No.1 dan 2),0.417,0.416,82.0,grid_connected_ipp,0.4158408337518835,1.246062129583124,9.094,232283.3,266992.3,0.583,True,398200.0,71.81,82.19,125.32,101.07,75.0,90.69,144.19,82.19,101.07,135.28,185.04,171.07,167.93,114.3,0.0,77.0,185293180.0,0.166,False,False,,88.28,0.0,2.46,solar,82.19,30.3,63.08,"I-4/TT LWBP, Permen ESDM No.7/2024",False,65.56,63.08,57.5,63.25,69.0,jamali_coal_dominant,30.3,False,70.29,11.4,False,not_competitive,False,False,False,False,False,False,False,0.1008943014706845,40.17611084562657,42.39954473282441,0.1008943014706845,0.10647801289006632,proportional,1610,0.37207488299531977,True,1610 MW solar planned in JAVA_BALI by 2030,0.8,25.1,-30.3,complete
cemindo-gemilang-bayah,Cemindo Gemilang Bayah,standalone,cement,clinker,3.5 MTPA,3500000.0,Integrated,Cemindo Gemilang,,,,,Banten,JAVA_BALI,,Active,-6.954596,106.247008,1421.7,0.1623,1493.9,0.1705,1370.0,598.0,398.7,land_cover,partial_filter (0/6 layers),1.14,6.8,60.0,remote_captive,invest_substation,True,True,True,0.04,18.0,red,proxy_150kV,substation_anchored,GI 150 kV Bayah 1,0.4206,0.4053,81.24,grid_connected_ipp,0.0,0.2101161818181818,3.713,224583.3,258141.8,0.583,True,385000.0,73.43,84.05,128.15,107.17,75.0,96.15,152.93,84.05,107.17,141.38,191.14,171.07,167.93,114.0,0.0,76.4,75912480.0,0.1623,True,False,193.92,85.28,0.1287,4.7,solar,84.05,33.2,63.08,"I-4/TT LWBP, Permen ESDM No.7/2024",False,65.56,63.08,57.5,63.25,69.0,jamali_coal_dominant,33.2,False,71.88,14.0,False,not_competitive,False,False,False,False,False,False,False,0.1008943014706845,38.844306066213534,46.11457625440659,0.1008943014706845,0.11977812014131584,proportional,1610,0.37207488299531977,True,1610 MW solar planned in JAVA_BALI by 2030,0.8,27.6,-33.2,complete
sbi-cilacap,SBI Cilacap,standalone,cement,clinker,3.23 MTPA,3230000.0,Integrated,Semen Indonesia Group,,,,,Central Java,JAVA_BALI,,Active,-7.687489,109.022305,1517.7,0.1732,1555.3,0.1775,1512.2,255.8,170.5,land_cover,partial_filter (0/6 layers),0.39,2.8,18.0,remote_captive,grid_first,True,True,True,2.26,2.7,red,actual,substation_anchored,GI 150 kV Semen Nusantara 1,0.4857,0.484,70.25,grid_connected_ipp,0.0,0.0,1.791,207258.3,238228.0,0.583,True,355300.0,68.79,78.73,120.04,95.64,75.0,85.66,137.1,78.73,95.64,129.85,179.6,171.07,167.93,94.0,0.0,77.5,29240750.0,0.1733,True,False,301.42,88.95,0.0828,4.04,solar,78.73,24.8,63.08,"I-4/TT LWBP, Permen ESDM No.7/2024",False,65.56,63.08,57.5,63.25,69.0,jamali_coal_dominant,24.8,False,67.33,6.7,False,not_competitive,False,False,False,False,False,False,False,0.1008943014706845,35.8477453125342,30.674400396427743,0.1008943014706845,0.0863338035362447,proportional,1610,0.37207488299531977,True,1610 MW solar planned in JAVA_BALI by 2030,0.8,20.6,-24.8,complete
semen-imasco-asiatic-jember,Semen Imasco Asiatic Jember,standalone,cement,clinker,3.0 MTPA,3000000.0,Integrated,Hongshi (China),,,,,East Java,JAVA_BALI,,Active,-8.348729,113.49255,1600.5,0.1827,1685.2,0.1924,1631.5,851.4,567.6,land_cover,partial_filter (0/6 layers),0.67,18.09,60.0,remote_captive,invest_substation,True,False,True,39.07,21.0,red,actual,best_pvout_fallback,,1.0,1.0,61.86,grid_connected_ipp,0.0,0.0,6.957,192500.0,221264.4,0.583,True,330000.0,65.23,74.66,113.83,94.09,75.0,84.84,132.51,74.66,94.09,128.3,178.06,171.07,167.93,170.4,0.0,77.5,140708040.0,0.1827,True,False,499.14,80.85,0.05,3.18,solar,74.66,18.4,63.08,"I-4/TT LWBP, Permen ESDM No.7/2024",False,65.56,63.08,57.5,63.25,69.0,jamali_coal_dominant,18.4,False,63.85,1.2,False,invest_resilience,False,False,False,False,False,True,False,0.1008943014706845,33.295119485325884,15.981657352956425,0.1008943014706845,0.04842926470592856,proportional,1610,0.37207488299531977,True,1610 MW solar planned in JAVA_BALI by 2030,0.8,15.2,-18.4,complete
si-gresik-rembang,SI Gresik Rembang,standalone,cement,clinker,3.0 MTPA,3000000.0,Integrated,Semen Indonesia Group,,,,,Central Java,JAVA_BALI,,Active,-6.866206,111.458833,1448.3,0.1653,1604.5,0.1832,1478.3,2221.4,1480.9,land_cover,partial_filter (0/6 layers),0.52,7.17,3.0,remote_captive,grid_first,True,,True,,1.0,red,actual,substation_anchored,GI 150 kV Semen Indonesia,1.0,1.0,68.37,grid_connected_ipp,0.0,0.0,17.281,192500.0,221264.4,0.583,True,330000.0,72.09,82.51,125.79,99.74,75.0,89.53,142.15,82.51,99.74,133.95,183.7,171.07,167.93,115.8,0.0,80.0,289960220.0,0.1653,True,False,338.17,105.34,0.0738,3.92,solar,82.51,30.8,63.08,"I-4/TT LWBP, Permen ESDM No.7/2024",False,65.56,63.08,57.5,63.25,69.0,jamali_coal_dominant,30.8,False,70.56,11.9,False,not_competitive,False,False,False,False,False,False,False,0.1008943014706845,33.295119485325884,15.981657352956425,0.1008943014706845,0.04842926470592856,proportional,1610,0.37207488299531977,True,1610 MW solar planned in JAVA_BALI by 2030,0.8,25.6,-30.8,complete
semeru-surya-semen-kutai,Semeru Surya Semen Kutai,standalone,cement,clinker,3.0 MTPA,3000000.0,Grinding,Semeru Surya Semen,,,,,East Kalimantan,KALIMANTAN,,Active,-0.541619,117.146701,1240.6,0.1416,1377.1,0.1572,1244.8,25471.6,16981.1,land_cover,partial_filter (0/6 layers),4.49,1.48,9.0,remote_captive,grid_first,True,True,True,0.01,3.1,red,actual,substation_anchored,GI 150 kV Harapan Baru - Tengkawang 2,1.0,1.0,79.81,grid_connected_ipp,0.0,0.0,170.07,192500.0,221264.4,0.583,True,330000.0,84.15,96.32,146.85,115.8,75.0,103.68,166.16,96.32,115.8,150.01,199.76,171.07,167.93,87.4,0.0,80.0,2842636140.0,0.1416,True,False,471.78,269.71,0.0529,3.66,solar,96.32,52.7,63.08,"I-4/TT LWBP, Permen ESDM No.7/2024",False,65.56,63.08,86.59,129.88,147.2,diesel_peaking,52.7,False,82.37,30.6,False,not_competitive,False,False,False,False,False,False,False,0.1296148556184525,42.77290235408933,15.582200232775769,0.1296148556184525,0.047218788584168996,proportional,327,0.2997858672376874,True,327 MW solar planned in KALIMANTAN by 2030,1.16,29.7,-52.7,complete
indocement-kotabaru-tarjun,Indocement Kotabaru Tarjun,standalone,cement,clinker,2.6 MTPA,2600000.0,Integrated,Indocement / Heidelberg,,,,,South Kalimantan,KALIMANTAN,,Active,-3.271007,116.105835,1334.4,0.1523,1420.6,0.1622,1322.9,11341.0,7560.7,land_cover,partial_filter (0/6 layers),8.12,2.76,2.5,remote_captive,grid_first,True,True,True,29.84,0.9,red,actual,substation_anchored,GI 150 kV Batulicin,1.0,1.0,64.31,grid_connected_ipp,0.0,3.4741057342657347,90.132,166833.3,191762.5,0.583,True,286000.0,78.24,89.55,136.53,109.53,75.0,98.12,156.92,89.55,109.53,143.74,193.5,171.07,167.93,93.8,0.0,80.0,1314049660.0,0.1523,True,False,499.14,138.27,0.05,3.08,solar,89.55,42.0,63.08,"I-4/TT LWBP, Permen ESDM No.7/2024",False,65.56,63.08,86.59,129.88,147.2,diesel_peaking,42.0,False,76.58,21.4,False,not_competitive,False,False,False,False,False,False,False,0.12961485561845254,37.06984870687743,23.28799445951986,0.12961485561845254,0.08142655405426524,proportional,327,0.2997858672376874,True,327 MW solar planned in KALIMANTAN by 2030,1.16,23.6,-42.0,complete
semen-grobogan,Semen Grobogan,standalone,cement,clinker,2.5 MTPA,2500000.0,Integrated,Indocement / Heidelberg,,,,,Central Java,JAVA_BALI,,Active,-7.089975,110.622539,1528.6,0.1745,1579.7,0.1803,1516.5,1281.0,854.0,land_cover,partial_filter (0/6 layers),0.58,8.29,60.0,remote_captive,invest_substation,True,,True,,18.0,red,proxy_150kV,substation_anchored,GI 150 kV Semen Grobogan - SGB (KKTT),1.0,1.0,53.97,grid_connected_ipp,0.0,4.430716581818182,11.774,160416.7,184387.0,0.583,True,275000.0,68.3,78.17,119.18,97.53,75.0,87.58,138.87,78.17,97.53,131.74,181.5,171.07,167.93,121.4,0.0,78.3,170543800.0,0.1745,True,False,497.16,95.73,0.0502,3.63,solar,78.17,23.9,63.08,"I-4/TT LWBP, Permen ESDM No.7/2024",False,65.56,63.08,57.5,63.25,69.0,jamali_coal_dominant,23.9,False,66.85,6.0,False,not_competitive,False,False,False,False,False,False,False,0.1008943014706845,27.745932904438234,16.90120855757502,0.1008943014706845,0.06145894020936371,proportional,1610,0.37207488299531977,True,1610 MW solar planned in JAVA_BALI by 2030,0.8,19.9,-23.9,complete
semen-garuda-bekasi,Semen Garuda Bekasi,standalone,cement,clinker,2.5 MTPA,2500000.0,Integrated,Jui Shin Indonesia,,,,,West Java,JAVA_BALI,,Active,-6.460507,107.212892,1407.1,0.1606,1506.4,0.172,1404.9,5472.6,3648.4,land_cover,partial_filter (0/6 layers),0.88,2.16,60.0,remote_captive,invest_substation,True,False,True,7.61,18.0,red,proxy_150kV,substation_anchored,GI 150 kV Juishin,1.0,1.0,58.64,grid_connected_ipp,0.29111454545454546,4.076114363636363,47.965,160416.7,184387.0,0.583,True,275000.0,74.33,85.08,129.71,102.85,75.0,92.11,147.48,85.08,102.85,137.06,186.82,171.07,167.93,90.8,0.0,79.6,621687360.0,0.1603,False,False,,136.94,0.0,2.23,solar,85.08,34.9,63.08,"I-4/TT LWBP, Permen ESDM No.7/2024",False,65.56,63.08,57.5,63.25,69.0,jamali_coal_dominant,34.9,False,72.76,15.3,False,not_competitive,False,False,False,False,False,False,False,0.1008943014706845,27.745932904438234,33.29511948532588,0.1008943014706845,0.12107316176482137,proportional,1610,0.37207488299531977,True,1610 MW solar planned in JAVA_BALI by 2030,0.8,28.9,-34.9,complete
sbi-andalas-lhoknga,SBI Andalas Lhoknga,standalone,cement,clinker,1.84 MTPA,1840000.0,Integrated,Semen Indonesia Group,,,,,Aceh,SUMATERA,,Active,5.451139,95.246351,1410.0,0.161,1466.2,0.1674,,0.0,0.0,land_cover,provisional (no buildability filter),12.69,,18.0,remote_captive,grid_first,False,,,,4.5,unknown,actual,,,,,,grid_connected_ipp,0.0,0.0,,,,,False,202400.0,74.04,84.75,129.21,101.06,75.0,90.76,143.82,84.75,101.06,135.27,185.02,171.07,167.93,143.4,0.0,58.6,,0.161,True,False,253.63,68.87,0.0984,4.26,solar,84.75,34.4,63.08,"I-4/TT LWBP, Permen ESDM No.7/2024",False,65.56,63.08,86.79,104.15,121.51,mixed_dispatch,34.4,False,72.47,14.9,False,no_solar_resource,False,False,False,False,False,False,False,0.08246546346860627,16.69100980604591,8.372594569556476,0.08246546346860627,0.04136657396025927,proportional,660,0.589041095890411,True,660 MW solar planned in SUMATERA by 2030,0.77,29.7,-34.4,complete
semen-jawa-scg-sukabumi,Semen Jawa SCG Sukabumi,standalone,cement,clinker,1.8 MTPA,1800000.0,Integrated,Siam Cement Group,,,,,West Java,JAVA_BALI,,Active,-6.976314,106.861777,1370.2,0.1564,1491.4,0.1702,1362.1,2818.8,1879.2,land_cover,partial_filter (0/6 layers),0.4,4.54,60.0,remote_captive,invest_substation,True,,True,,18.0,red,proxy_150kV,substation_anchored,GI 150 kV Semen Jawa,1.0,1.0,43.36,grid_connected_ipp,0.0,5.517477070707071,33.971,115500.0,132758.6,0.583,True,198000.0,76.19,87.21,132.96,107.07,75.0,95.99,153.09,87.21,107.07,141.28,191.04,171.07,167.93,102.7,0.0,79.2,341826480.0,0.1564,True,False,499.14,84.84,0.05,3.1,solar,87.21,38.3,63.08,"I-4/TT LWBP, Permen ESDM No.7/2024",False,65.56,63.08,57.5,63.25,69.0,jamali_coal_dominant,38.3,False,74.58,18.2,False,not_competitive,False,False,False,False,False,False,False,0.1008943014706845,19.97707169119553,23.972486029434638,0.1008943014706845,0.1210731617648214,proportional,1610,0.37207488299531977,True,1610 MW solar planned in JAVA_BALI by 2030,0.8,31.7,-38.3,complete
semen-bosowa-banyuwangi,Semen Bosowa Banyuwangi,standalone,cement,clinker,1.8 MTPA,1800000.0,Grinding,Bosowa Corp,,,,,East Java,JAVA_BALI,,Active,-8.169003,114.391943,1615.5,0.1844,1721.7,0.1965,1427.9,937.0,624.7,land_cover,partial_filter (0/6 layers),4.45,5.83,3.0,remote_captive,grid_first,True,,True,,0.5,red,actual,substation_anchored,GI 150 kV Banyuwangi,0.4633,0.4095,36.77,grid_connected_ipp,0.0,0.0,13.037,115500.0,132758.6,0.583,True,198000.0,64.62,73.97,112.77,102.71,75.0,92.14,146.62,73.97,102.71,136.92,186.68,171.07,167.93,109.2,0.0,79.9,118130770.0,0.1844,True,False,219.89,70.23,0.1135,4.48,solar,73.97,17.3,63.08,"I-4/TT LWBP, Permen ESDM No.7/2024",False,65.56,63.08,57.5,63.25,69.0,jamali_coal_dominant,17.3,False,63.25,0.3,False,invest_resilience,False,False,False,False,False,True,False,0.1008943014706845,19.97707169119553,9.588994411773855,0.1008943014706845,0.048429264705928565,proportional,1610,0.37207488299531977,True,1610 MW solar planned in JAVA_BALI by 2030,0.8,14.3,-17.3,complete
cemindo-gemilang-ciwandan,Cemindo Gemilang Ciwandan,standalone,cement,clinker,1.75 MTPA,1750000.0,Grinding,Cemindo Gemilang,,,,,Banten,JAVA_BALI,,Active,-6.022556,105.960336,1384.1,0.158,1471.7,0.168,1394.7,1968.4,1312.3,land_cover,partial_filter (0/6 layers),1.09,0.47,60.0,remote_captive,invest_substation,True,True,True,7.13,18.0,red,proxy_150kV,substation_anchored,GI 150 kV Polyprima,0.8204,0.8267,41.72,grid_connected_ipp,0.0,0.0,24.079,112291.7,129070.9,0.583,True,192500.0,75.43,86.33,131.63,102.85,75.0,92.02,147.79,86.33,102.85,137.06,186.82,171.07,167.93,82.3,0.0,78.9,211542760.0,0.158,True,False,383.37,108.47,0.0651,3.81,solar,86.33,36.9,63.08,"I-4/TT LWBP, Permen ESDM No.7/2024",False,65.56,63.08,57.5,63.25,69.0,jamali_coal_dominant,36.9,False,73.83,17.0,False,not_competitive,False,False,False,False,False,False,False,0.1008943014706845,19.422153033106767,23.29528203318825,0.1008943014706845,0.12101445212045844,proportional,1610,0.37207488299531977,True,1610 MW solar planned in JAVA_BALI by 2030,0.8,30.6,-36.9,complete
conch-south-kalimantan,Conch South Kalimantan,standalone,cement,clinker,1.5 MTPA,1500000.0,Integrated,Anhui Conch (China),,,,,South Kalimantan,KALIMANTAN,,Active,-2.05,115.42,1307.1,0.1492,1376.0,0.1571,1314.3,12900.2,8600.1,land_cover,partial_filter (0/6 layers),16.48,4.85,12.0,remote_captive,grid_first,True,True,True,0.17,4.2,red,actual,substation_anchored,GI 150 kV Tanjung 1,1.0,1.0,37.87,grid_connected_ipp,0.0,6.6337305454545445,172.127,96250.0,110632.2,0.583,True,165000.0,79.87,91.42,139.38,111.17,75.0,99.68,158.86,91.42,111.17,145.38,195.14,171.07,167.93,104.2,0.0,80.0,1584138420.0,0.1492,True,False,,142.49,0.0,1.81,solar,91.42,44.9,63.08,"I-4/TT LWBP, Permen ESDM No.7/2024",False,65.56,63.08,86.59,129.88,147.2,diesel_peaking,44.9,False,78.18,23.9,False,not_competitive,False,False,False,False,False,False,False,0.1296148556184525,21.386451177044666,13.429039618600138,0.1296148556184525,0.0813881189006069,proportional,327,0.2997858672376874,True,327 MW solar planned in KALIMANTAN by 2030,1.16,25.3,-44.9,complete
cemindo-gemilang-batam,Cemindo Gemilang Batam,standalone,cement,clinker,1.2 MTPA,1200000.0,Grinding,Cemindo Gemilang,,,,,Riau Islands,SUMATERA,,Active,1.058643,104.135548,1308.9,0.1494,1376.0,0.1571,1322.0,9636.7,6424.5,land_cover,partial_filter (0/6 layers),0.49,4.47,60.0,remote_captive,invest_substation,True,True,True,6.68,21.0,yellow,actual,substation_anchored,GI 150 kV Tg. Kasam,1.0,1.0,30.26,grid_connected_ipp,0.5664452272727273,7.371696439393941,160.729,77000.0,88505.7,0.583,True,132000.0,80.01,91.57,139.62,110.33,75.0,98.92,157.76,91.57,110.33,144.54,194.3,171.07,167.93,102.3,0.0,79.8,1169901450.0,0.149,False,False,237.91,117.6,0.1049,4.36,solar,91.57,45.2,63.08,"I-4/TT LWBP, Permen ESDM No.7/2024",False,65.56,63.08,86.79,104.15,121.51,mixed_dispatch,45.2,False,78.31,24.1,False,not_competitive,False,False,False,False,False,False,False,0.08246546346860628,10.88544117785603,4.354176471142412,0.08246546346860628,0.03298618538744252,proportional,660,0.589041095890411,True,660 MW solar planned in SUMATERA by 2030,0.77,39.0,-45.2,complete
semen-bosowa-batam,Semen Bosowa Batam,standalone,cement,clinker,1.2 MTPA,1200000.0,Grinding,Bosowa Corp,,,,,Riau Islands,SUMATERA,,Active,1.058782,104.136023,1308.9,0.1494,1376.0,0.1571,1322.4,9808.8,6539.2,land_cover,partial_filter (0/6 layers),0.51,4.08,60.0,remote_captive,invest_substation,True,True,True,6.68,21.0,yellow,actual,substation_anchored,GI 150 kV Tg. Kasam,1.0,1.0,30.26,grid_connected_ipp,0.5664452272727273,7.371696439393941,163.599,77000.0,88505.7,0.583,True,132000.0,80.01,91.57,139.62,110.13,75.0,98.72,157.54,91.57,110.13,144.34,194.1,171.07,167.93,100.4,0.0,79.8,1178363840.0,0.149,False,False,251.33,117.5,0.0993,4.28,solar,91.57,45.2,63.08,"I-4/TT LWBP, Permen ESDM No.7/2024",False,65.56,63.08,86.79,104.15,121.51,mixed_dispatch,45.2,False,78.31,24.1,False,not_competitive,False,False,False,False,False,False,False,0.08246546346860628,10.88544117785603,4.354176471142412,0.08246546346860628,0.03298618538744252,proportional,660,0.589041095890411,True,660 MW solar planned in SUMATERA by 2030,0.77,39.0,-45.2,complete
semen-jakarta,Semen Jakarta,standalone,cement,clinker,1.0 MTPA,1000000.0,Grinding,Semen Jakarta,,,,,Banten,JAVA_BALI,,Active,-6.037574,105.985182,1361.8,0.1555,1471.0,0.1679,1416.9,1540.4,1026.9,land_cover,partial_filter (0/6 layers),2.54,3.09,60.0,remote_captive,invest_substation,True,True,True,8.83,18.0,yellow,proxy_150kV,substation_anchored,GI 150 kV Alindo,1.0,1.0,24.23,grid_connected_ipp,0.0,9.887906,32.958,64166.7,73754.8,0.583,True,110000.0,76.66,87.75,133.78,102.28,75.0,91.63,146.53,87.75,102.28,136.49,186.24,171.07,167.93,95.5,0.0,78.6,178783290.0,0.1555,True,False,499.14,109.13,0.05,3.58,solar,87.75,39.1,63.08,"I-4/TT LWBP, Permen ESDM No.7/2024",False,65.56,63.08,57.5,63.25,69.0,jamali_coal_dominant,39.1,False,75.04,19.0,False,not_competitive,False,False,False,False,False,False,False,0.1008943014706845,11.098373161775294,13.318047794130353,0.1008943014706845,0.12107316176482139,proportional,1610,0.37207488299531977,True,1610 MW solar planned in JAVA_BALI by 2030,0.8,32.5,-39.1,complete
semen-gresik-city,Semen Gresik City,standalone,cement,clinker,0.9 MTPA,900000.0,Grinding,Semen Indonesia Group,,,,,East Java,JAVA_BALI,,Active,-7.170242,112.645549,1559.6,0.178,1658.2,0.1893,1538.2,3927.6,2618.4,land_cover,partial_filter (0/6 layers),0.3,0.9,20.0,remote_captive,grid_first,True,True,True,1.86,6.0,red,proxy_70kV,substation_anchored,GI 70 kV Semengresik,1.0,1.0,19.05,grid_connected_ipp,0.0,0.0,105.257,57750.0,66379.3,0.583,True,99000.0,66.94,76.62,116.81,93.48,75.0,83.67,134.24,76.62,93.48,127.69,177.44,171.07,167.93,84.5,0.0,79.8,430203120.0,0.178,True,False,482.73,150.64,0.0517,3.65,solar,76.62,21.5,63.08,"I-4/TT LWBP, Permen ESDM No.7/2024",False,65.56,63.08,57.5,63.25,69.0,jamali_coal_dominant,21.5,False,65.52,3.9,False,not_competitive,False,False,False,False,False,False,False,0.1008943014706845,9.988535845597765,4.794497205886928,0.1008943014706845,0.048429264705928565,proportional,1610,0.37207488299531977,True,1610 MW solar planned in JAVA_BALI by 2030,0.8,17.8,-21.5,complete
solusi-bangun-cilegon,Solusi Bangun Cilegon,standalone,cement,clinker,0.6 MTPA,600000.0,Grinding,Semen Indonesia Group,,,,,Banten,JAVA_BALI,,Active,-6.020475,105.958559,1384.1,0.158,1471.7,0.168,1392.7,1540.5,1027.0,land_cover,partial_filter (0/6 layers),0.98,0.21,60.0,remote_captive,grid_ready,True,True,True,7.13,18.0,green,proxy_150kV,substation_anchored,GI 150 kV Polyprima,1.0,1.0,14.31,grid_connected_ipp,0.0,16.74970712121212,54.961,38500.0,44252.9,0.583,True,66000.0,75.43,86.33,131.63,102.86,75.0,92.02,147.87,86.33,102.86,137.07,186.82,171.07,167.93,81.0,0.0,78.6,163909200.0,0.158,True,False,339.55,108.4,0.0735,3.92,solar,86.33,36.9,63.08,"I-4/TT LWBP, Permen ESDM No.7/2024",False,65.56,63.08,57.5,63.25,69.0,jamali_coal_dominant,36.9,False,73.83,17.0,False,not_competitive,False,False,False,False,False,False,False,0.10089430147068448,6.659023897065176,7.984095054032406,0.10089430147068448,0.12097113718230917,proportional,1610,0.37207488299531977,True,1610 MW solar planned in JAVA_BALI by 2030,0.8,30.6,-36.9,complete
semen-kupang,Semen Kupang,standalone,cement,clinker,0.5 MTPA,500000.0,Integrated,Semen Indonesia Group,,,,,NTT,NTB,,Active,-10.194909,123.540076,1668.8,0.1905,1784.8,0.2037,,0.0,0.0,land_cover,provisional (no buildability filter),7.27,,30.0,remote_captive,invest_substation,False,,,,7.5,unknown,actual,,,,,,grid_connected_ipp,0.0,0.0,,,,,False,55000.0,62.56,71.6,109.17,80.33,75.0,71.87,115.45,71.6,80.33,114.54,164.3,171.07,167.93,116.3,0.0,44.3,,0.1905,True,False,132.12,73.56,0.1889,5.56,solar,71.6,13.5,63.08,"I-4/TT LWBP, Permen ESDM No.7/2024",False,65.56,63.08,112.56,123.82,135.07,jamali_coal_dominant,13.5,False,61.23,-2.9,True,no_solar_resource,False,False,False,False,False,True,False,0.0,0.0,0.0,0.0,0.0,proportional,0,0.0,False,0 MW solar planned in NTB by 2030,1.27,6.9,-13.5,complete
conch-west-kalimantan,Conch West Kalimantan,standalone,cement,clinker,0.5 MTPA,500000.0,Grinding,Anhui Conch (China),,,,,West Kalimantan,KALIMANTAN,,Active,0.032069,109.23757,1362.2,0.1555,1442.5,0.1647,1354.9,13252.7,8835.1,land_cover,partial_filter (0/6 layers),4.67,9.19,60.0,remote_captive,invest_substation,True,,True,,21.0,green,actual,substation_anchored,GI 150 kV Parit Baru,1.0,1.0,12.11,grid_connected_ipp,0.0,20.740114181818182,556.129,32083.3,36877.4,0.583,True,55000.0,76.64,87.72,133.74,109.68,75.0,98.54,155.95,87.72,109.68,143.89,193.64,171.07,167.93,125.9,0.0,79.8,1817380070.0,0.1555,True,False,445.66,121.83,0.056,3.7,solar,87.72,39.1,63.08,"I-4/TT LWBP, Permen ESDM No.7/2024",False,65.56,63.08,86.59,129.88,147.2,diesel_peaking,39.1,False,75.02,18.9,False,not_competitive,False,False,False,False,False,False,False,0.12961485561845254,7.12881705901489,1.9960687765241691,0.12961485561845254,0.03629215957316671,proportional,327,0.2997858672376874,True,327 MW solar planned in KALIMANTAN by 2030,1.16,22.0,-39.1,complete
krakatau-steel-cilegon,Krakatau Steel Cilegon,standalone,steel,crude_steel,4000000 TPA,4000000.0,EAF,Krakatau Steel,,,,,Banten,JAVA_BALI,,Active,-6.007021,106.001766,1388.1,0.1585,1470.2,0.1678,1432.3,1626.1,1084.1,land_cover,partial_filter (0/6 layers),0.91,3.65,60.0,remote_captive,invest_substation,True,True,True,10.69,18.0,red,proxy_150kV,substation_anchored,GITET 500 kV Cilegonbaru,0.4752,0.4903,432.13,grid_connected_ipp,0.0,0.079191105,1.913,1166666.7,1340996.2,0.583,True,2000000.0,75.21,86.08,131.25,101.42,75.0,90.88,145.19,86.08,101.42,135.63,185.38,171.07,167.93,98.2,0.0,78.7,191777290.0,0.1585,True,False,479.03,109.27,0.0521,3.65,solar,86.08,36.5,63.08,"I-4/TT LWBP, Permen ESDM No.7/2024",False,65.56,63.08,57.5,63.25,69.0,jamali_coal_dominant,36.5,False,73.62,16.7,False,not_competitive,False,False,False,False,False,False,False,0.10089430147068448,201.78860294136896,242.14632352964276,0.10089430147068448,0.12107316176482137,proportional,1610,0.37207488299531977,True,1610 MW solar planned in JAVA_BALI by 2030,0.8,30.3,-36.5,complete
krakatau-posco-cilegon,Krakatau Posco Cilegon,standalone,steel,crude_steel,3000000 TPA,3000000.0,BF-BOF,POSCO / Krakatau Steel,,,,,Banten,JAVA_BALI,,Active,-6.00715,105.97126,1391.0,0.1588,1471.3,0.168,1432.2,1540.5,1027.0,land_cover,partial_filter (0/6 layers),2.23,4.0,60.0,remote_captive,invest_substation,True,False,True,13.42,18.0,red,proxy_150kV,substation_anchored,GITET 500 kV Cilegonbaru,1.0,1.0,129.4,grid_connected_ipp,0.0,0.0,6.044,350000.0,402298.9,0.583,True,600000.0,75.05,85.9,130.97,101.56,75.0,91.02,145.33,85.9,101.56,135.77,185.52,171.07,167.93,100.0,0.0,78.6,183422200.0,0.1588,True,False,315.12,109.36,0.0792,3.99,solar,85.9,36.2,63.08,"I-4/TT LWBP, Permen ESDM No.7/2024",False,65.56,63.08,57.5,63.25,69.0,jamali_coal_dominant,36.2,False,73.46,16.5,False,not_competitive,False,False,False,False,False,False,False,0.10089430147068448,60.536580882410696,72.64389705889283,0.10089430147068448,0.12107316176482139,proportional,1610,0.37207488299531977,True,1610 MW solar planned in JAVA_BALI by 2030,0.8,30.0,-36.2,complete
dexin-steel-morowali,Dexin Steel Morowali,standalone,steel,crude_steel,7000000 TPA,7000000.0,BF-BOF,Delong Holdings (China),,,,,Central Sulawesi,SULAWESI,,Active,-2.829514,122.174896,1452.7,0.1658,1473.1,0.1682,1451.2,2750.5,1833.7,kawasan_hutan,partial_filter (0/6 layers),115.33,114.82,30.0,remote_captive,invest_substation,True,,True,,7.5,red,actual,best_pvout_fallback,,1.0,1.0,289.17,grid_connected_ipp,0.7002714857142857,1.0504072285714285,4.631,816666.7,938697.3,0.583,True,1400000.0,73.22,83.81,127.78,144.64,75.0,134.24,187.84,83.81,144.64,178.85,228.6,171.07,167.93,654.1,0.0,79.6,1345385690.0,0.1628,False,False,,257.45,0.0,2.46,solar,83.81,32.9,63.08,"I-4/TT LWBP, Permen ESDM No.7/2024",False,65.56,63.08,73.57,117.71,132.43,diesel_peaking,32.9,False,71.67,13.6,False,not_competitive,False,False,False,False,False,False,False,0.0007621444646948772,1.067002250572828,0.35272645453820806,0.0007621444646948772,0.00025194746752729144,proportional,206,0.4938574938574939,True,206 MW solar planned in SULAWESI by 2030,0.63,35.1,-32.9,complete
gunung-raja-paksi-bekasi,Gunung Raja Paksi Bekasi,standalone,steel,crude_steel,1820000 TPA,1820000.0,EAF,Gunung Raja Paksi,,,,,West Java,JAVA_BALI,,Active,-6.282658,107.117683,1390.6,0.1587,1505.3,0.1718,1422.7,5560.1,3706.7,land_cover,partial_filter (0/6 layers),0.43,3.37,120.0,remote_captive,invest_substation,True,True,True,10.27,30.0,red,actual,substation_anchored,GI 150 kV Jababeka 1,0.61,0.6241,196.37,grid_connected_ipp,0.0,0.07533690109890108,14.716,530833.3,610153.3,0.583,True,910000.0,75.08,85.93,131.01,102.03,75.0,91.42,146.1,85.93,102.03,136.24,186.0,171.07,167.93,96.8,0.0,79.2,652379200.0,0.1587,True,False,499.14,137.33,0.05,3.15,solar,85.93,36.2,63.08,"I-4/TT LWBP, Permen ESDM No.7/2024",False,65.56,63.08,57.5,63.25,69.0,jamali_coal_dominant,36.2,False,73.48,16.5,False,not_competitive,False,False,False,False,False,False,False,0.1008943014706845,91.81381433832289,110.17657720598746,0.1008943014706845,0.12107316176482139,proportional,1610,0.37207488299531977,True,1610 MW solar planned in JAVA_BALI by 2030,0.8,30.1,-36.2,complete
master-steel-jakarta,Master Steel Jakarta,standalone,steel,crude_steel,2000000 TPA,2000000.0,EAF,Master Steel MFG,,,,,DKI Jakarta,JAVA_BALI,,Active,-6.17862,106.92044,1389.2,0.1586,1495.8,0.1708,1435.5,6245.6,4163.7,land_cover,partial_filter (0/6 layers),0.23,2.93,13.5,remote_captive,grid_first,True,False,True,7.78,4.7,red,actual,substation_anchored,GIS 150 kV Kandang Sapi,0.3169,0.3275,215.93,grid_connected_ipp,0.0,0.0,14.947,583333.3,670498.1,0.583,True,1000000.0,75.15,86.02,131.14,101.0,75.0,90.49,144.67,86.02,101.0,135.21,184.96,171.07,167.93,94.7,0.0,79.9,726982020.0,0.1586,True,False,499.14,137.19,0.05,3.47,solar,86.02,36.4,63.08,"I-4/TT LWBP, Permen ESDM No.7/2024",False,65.56,63.08,57.5,63.25,69.0,jamali_coal_dominant,36.4,False,73.56,16.6,False,not_competitive,False,False,False,False,False,False,False,0.10089430147068448,100.89430147068448,121.07316176482138,0.10089430147068448,0.12107316176482137,proportional,1610,0.37207488299531977,True,1610 MW solar planned in JAVA_BALI by 2030,0.8,30.2,-36.4,complete
jakarta-prima-steel-industries,Jakarta Prima Steel Industries,standalone,steel,crude_steel,900000 TPA,900000.0,EAF,Jakarta Prima Steel,,,,,DKI Jakarta,JAVA_BALI,,Active,-6.181643,106.932331,1392.1,0.1589,1496.1,0.1708,1445.6,6930.0,4620.0,land_cover,partial_filter (0/6 layers),0.64,3.86,17.0,remote_captive,grid_first,True,False,True,7.13,5.9,red,actual,substation_anchored,GITET 500 kV Bekasi 1,0.5293,0.5497,96.99,grid_connected_ipp,0.0,0.05228108888888888,36.864,262500.0,301724.1,0.583,True,450000.0,75.0,85.84,130.87,100.67,75.0,90.23,144.03,85.84,100.67,134.88,184.64,171.07,167.93,99.3,0.0,79.9,827904000.0,0.1589,True,False,499.14,137.48,0.05,3.42,solar,85.84,36.1,63.08,"I-4/TT LWBP, Permen ESDM No.7/2024",False,65.56,63.08,57.5,63.25,69.0,jamali_coal_dominant,36.1,False,73.41,16.4,False,not_competitive,False,False,False,False,False,False,False,0.10089430147068448,45.40243566180802,54.482922794169625,0.10089430147068448,0.12107316176482139,proportional,1610,0.37207488299531977,True,1610 MW solar planned in JAVA_BALI by 2030,0.8,29.9,-36.1,complete
ispat-indo-sidoarjo,Ispat Indo Sidoarjo,standalone,steel,crude_steel,700000 TPA,700000.0,EAF,ArcelorMittal,,,,,East Java,JAVA_BALI,,Active,-7.35649,112.70311,1549.4,0.1769,1688.9,0.1928,1607.1,5291.6,3527.7,land_cover,partial_filter (0/6 layers),0.44,2.06,60.0,remote_captive,invest_substation,True,False,True,10.88,18.0,red,proxy_150kV,substation_anchored,GI 70 kV Maspion,1.0,1.0,67.76,grid_connected_ipp,0.0,0.0,40.854,204166.7,234674.3,0.583,True,350000.0,67.38,77.12,117.58,89.88,75.0,80.49,128.89,77.12,89.88,124.09,173.84,171.07,167.93,90.3,0.0,79.6,599356230.0,0.1769,True,False,499.14,151.05,0.05,3.12,solar,77.12,22.3,63.08,"I-4/TT LWBP, Permen ESDM No.7/2024",False,65.56,63.08,57.5,63.25,69.0,jamali_coal_dominant,22.3,False,65.95,4.5,False,not_competitive,False,False,False,False,False,False,False,0.1008943014706845,35.31300551473958,16.950242647074997,0.1008943014706845,0.04842926470592856,proportional,1610,0.37207488299531977,True,1610 MW solar planned in JAVA_BALI by 2030,0.8,18.5,-22.3,complete
virtue-dragon-nickel-industrial-park-vdnip,Virtue Dragon Nickel Industrial Park (VDNIP),cluster,nickel,mixed_nickel,2000000 TPA,2000000.0,Ferro Nickel,,,,,,,SULAWESI,,Active,-3.8262,122.4779,1503.4,0.1716,1526.8,0.1743,,0.0,0.0,land_cover,provisional (no buildability filter),10.18,,10.0,remote_captive,grid_first,False,,,,3.5,unknown,actual,,,,,,grid_connected_ipp,0.0,0.003441783733333333,,,,,False,75000000.0,69.44,79.48,121.18,96.82,75.0,86.93,137.88,79.48,96.82,131.03,180.78,171.07,167.93,130.9,0.0,68.1,,0.1716,True,False,,158.57,0.0,2.8,solar,79.48,26.0,63.08,"I-4/TT LWBP, Permen ESDM No.7/2024",False,65.56,63.08,73.57,117.71,132.43,diesel_peaking,26.0,False,67.97,7.8,False,no_solar_resource,False,False,False,False,False,False,False,0.0007621444646948771,57.160834852115784,20.421970960538605,0.0007621444646948771,0.0002722929461405147,proportional,206,0.4938574938574939,True,206 MW solar planned in SULAWESI by 2030,0.63,27.8,-26.0,complete
bantaeng-industrial-park-bip,Bantaeng Industrial Park (BIP),cluster,nickel,mixed_nickel,263300 TPA,263300.0,Ferro Nickel,,,,,,,SULAWESI,,Active,-5.5746,120.0664,1540.7,0.1759,1652.7,0.1887,,0.0,0.0,land_cover,provisional (no buildability filter),8.08,,50.0,remote_captive,invest_substation,False,,,,17.5,unknown,actual,,,,,,grid_connected_ipp,0.0,0.008909884289150526,,,,,False,9873750.0,67.76,77.56,118.25,85.36,75.0,76.23,123.29,77.56,85.36,119.57,169.32,171.07,167.93,120.4,0.0,20.5,,0.1759,True,False,143.1,74.67,0.1744,5.35,solar,77.56,23.0,63.08,"I-4/TT LWBP, Permen ESDM No.7/2024",False,65.56,63.08,73.57,117.71,132.43,diesel_peaking,23.0,False,66.33,5.2,False,no_solar_resource,False,False,False,False,False,False,False,0.0007621444646948771,7.525223908281043,4.515134344968626,0.0007621444646948771,0.0004572866788169262,proportional,206,0.4938574938574939,True,206 MW solar planned in SULAWESI by 2030,0.63,24.5,-23.0,complete
obi-island-industrial-park,Obi Island Industrial Park,cluster,nickel,mixed_nickel,1970000 TPA,1970000.0,Ferro Nickel,,,,,,,MALUKU,,Active,-1.5135,127.457,1292.8,0.1476,1562.6,0.1784,,0.0,0.0,land_cover,provisional (no buildability filter),246.49,,20.0,remote_captive,grid_first,False,,,,6.0,unknown,proxy_70kV,,,,,,grid_connected_ipp,0.0,0.0,,,,,False,73875000.0,80.76,92.43,140.92,181.5,75.0,171.84,221.62,92.43,181.5,215.71,265.47,171.07,167.93,1312.5,0.0,56.2,,0.1476,True,False,,162.13,0.0,2.97,solar,92.43,46.5,63.08,"I-4/TT LWBP, Permen ESDM No.7/2024",False,65.56,63.08,124.38,310.95,273.64,remote_diesel_dominated,46.5,False,79.04,25.3,False,no_solar_resource,False,False,False,False,False,False,False,0.0,0.0,0.0,0.0,0.0,proportional,0,0.0,False,0 MW solar planned in MALUKU by 2030,0.6,52.4,-46.5,complete
indonesia-pomalaa-industry-park-ipip,Indonesia Pomalaa Industry Park (IPIP),cluster,nickel,mixed_nickel,2227000 TPA,2227000.0,Ferro Nickel,,,,,,,SULAWESI,,Active,-4.186,121.6114,1465.5,0.1673,1582.3,0.1806,,0.0,0.0,kawasan_hutan,provisional (no buildability filter),12.92,,30.0,remote_captive,invest_substation,False,,,,7.5,unknown,actual,,,,,,grid_connected_ipp,0.0,0.0,,,,,False,83512500.0,71.24,81.54,124.32,92.68,75.0,83.14,132.3,81.54,92.68,126.89,176.64,171.07,167.93,144.6,0.0,44.3,,0.1673,True,False,,113.66,0.0,2.93,solar,81.54,29.3,63.08,"I-4/TT LWBP, Permen ESDM No.7/2024",False,65.56,63.08,73.57,117.71,132.43,diesel_peaking,29.3,False,69.73,10.5,False,no_solar_resource,False,False,False,False,False,False,False,0.0007621444646948771,63.648589607830914,28.703204532755787,0.0007621444646948771,0.00034369950046706524,proportional,206,0.4938574938574939,True,206 MW solar planned in SULAWESI by 2030,0.63,31.3,-29.3,complete
nusantara-industri-sejati,Nusantara Industri Sejati,cluster,nickel,mixed_nickel,2000000 TPA,2000000.0,Ferro Nickel,,,,,,,SULAWESI,,Active,-3.835193078,122.4033594,1450.1,0.1655,1526.8,0.1743,,0.0,0.0,land_cover,provisional (no buildability filter),16.35,,10.0,remote_captive,grid_first,False,,,,3.5,unknown,actual,,,,,,grid_connected_ipp,0.0,0.014386925466666665,,,,,False,75000000.0,72.0,82.4,125.64,99.16,75.0,89.28,140.22,82.4,99.16,133.37,183.12,171.07,167.93,161.8,0.0,68.1,,0.1655,True,False,,160.8,0.0,2.11,solar,82.4,30.6,63.08,"I-4/TT LWBP, Permen ESDM No.7/2024",False,65.56,63.08,73.57,117.71,132.43,diesel_peaking,30.6,False,70.47,11.7,False,no_solar_resource,False,False,False,False,False,False,False,0.0007621444646948771,57.160834852115784,20.832894368808965,0.0007621444646948771,0.00027777192491745286,proportional,206,0.4938574938574939,True,206 MW solar planned in SULAWESI by 2030,0.63,32.7,-30.6,complete
indonesia-morowali-industrial-park-imip,Indonesia Morowali Industrial Park (IMIP),cluster,nickel,mixed_nickel,6014929 TPA,6014929.0,Nickel Pig Iron,,,,,,,SULAWESI,,Active,-2.831769936,122.1651827,1447.2,0.1652,1473.1,0.1682,1456.7,3180.2,2120.1,kawasan_hutan,partial_filter (0/6 layers),114.98,115.48,30.0,remote_captive,invest_substation,True,,True,,7.5,red,actual,best_pvout_fallback,,0.0136,0.0137,2120.1,grid_connected_ipp,0.0058326341009179,0.006947883618687213,0.033,131576571.9,151237438.9,0.583,True,225559837.5,72.75,83.27,126.96,144.36,75.0,134.0,187.39,83.27,144.36,178.57,228.32,171.07,167.93,657.4,0.0,79.7,1562725710.0,0.1638,False,False,,257.76,0.0,2.29,solar,83.27,32.0,63.08,"I-4/TT LWBP, Permen ESDM No.7/2024",False,65.56,63.08,73.57,117.71,132.43,diesel_peaking,32.0,False,71.21,12.9,False,not_competitive,False,False,False,False,False,False,False,0.0007621444646948771,171.90918160810094,56.982094182484175,0.0007621444646948771,0.0002526251783741606,proportional,206,0.4938574938574939,True,206 MW solar planned in SULAWESI by 2030,0.63,34.2,-32.0,complete
stardust-estate-invesment-sei,Stardust Estate Invesment (SEI),cluster,nickel,mixed_nickel,,,Mixed RKEF/HPAL,,,,,,,SULAWESI,,Active,-1.935932805,121.6115391,1475.3,0.1684,1515.8,0.173,1510.7,3612.3,2408.2,land_cover,partial_filter (0/6 layers),95.27,75.6,60.0,remote_captive,invest_substation,True,,True,,18.0,red,proxy_150kV,best_pvout_fallback,,,,,grid_connected_ipp,0.0,0.0,,,,,True,,70.77,81.0,123.49,123.85,75.0,113.86,165.35,81.0,123.85,158.06,207.82,171.07,167.93,458.0,0.0,79.4,1294166680.0,0.1684,True,False,,176.62,0.0,1.96,solar,81.0,28.4,63.08,"I-4/TT LWBP, Permen ESDM No.7/2024",False,65.56,63.08,73.57,117.71,132.43,diesel_peaking,28.4,False,69.27,9.8,False,not_competitive,False,False,False,False,False,False,False,0.0,0.0,0.0,0.0,0.0,proportional,206,0.4938574938574939,True,206 MW solar planned in SULAWESI by 2030,0.63,30.4,-28.4,complete
industrial-weda-bay-industrial-park-iwip,Industrial Weda Bay Industrial Park (IWIP),cluster,nickel,mixed_nickel,1741000 TPA,1741000.0,Nickel Pig Iron,,,,,,,MALUKU,,Active,0.4789,127.9984,1432.3,0.1635,1544.3,0.1763,1512.6,2495.6,1663.7,kawasan_hutan,partial_filter (0/6 layers),76.51,91.29,120.0,remote_captive,invest_substation,True,,True,,42.0,red,actual,best_pvout_fallback,,0.0365,0.0385,1663.7,grid_connected_ipp,0.0,0.0,0.094,38084375.0,43775143.7,0.583,True,65287500.0,72.89,83.43,127.2,129.63,75.0,119.66,171.08,83.43,129.63,163.84,213.6,171.07,167.93,536.5,0.0,78.3,1022842760.0,0.1635,True,False,,175.84,0.0,2.3,solar,83.43,32.3,63.08,"I-4/TT LWBP, Permen ESDM No.7/2024",False,65.56,63.08,124.38,310.95,273.64,remote_diesel_dominated,32.3,False,71.35,13.1,False,not_competitive,False,False,False,False,False,False,False,0.0,0.0,0.0,0.0,0.0,proportional,0,0.0,False,0 MW solar planned in MALUKU by 2030,0.6,36.3,-32.3,complete
buli-industrial-park,Buli Industrial Park,cluster,nickel,mixed_nickel,40500 TPA,40500.0,Ferro Nickel,,,,,,,MALUKU,,Active,0.8408315536,128.2559372,1466.6,0.1674,1541.4,0.176,1506.7,5937.3,3958.2,kawasan_hutan,partial_filter (0/6 layers),98.83,101.18,120.0,remote_captive,invest_substation,True,,True,,42.0,red,actual,best_pvout_fallback,,1.0,1.0,310.7,grid_connected_ipp,0.055702202469135806,0.7807057382716049,9.641,885937.5,1018319.0,0.583,True,1518750.0,70.71,80.94,123.4,134.03,75.0,124.01,175.64,80.94,134.03,168.24,218.0,171.07,167.93,585.9,0.0,79.3,2632994640.0,0.1685,False,False,,163.12,0.0,1.53,solar,80.94,28.3,63.08,"I-4/TT LWBP, Permen ESDM No.7/2024",False,65.56,63.08,124.38,310.95,273.64,remote_diesel_dominated,28.3,False,69.21,9.7,False,not_competitive,False,False,False,False,False,False,False,0.0,0.0,0.0,0.0,0.0,proportional,0,0.0,False,0 MW solar planned in MALUKU by 2030,0.6,31.9,-28.3,complete
indonesia-konawe-industrial-park-ikip,Indonesia Konawe Industrial Park (IKIP),cluster,nickel,mixed_nickel,,,Mixed RKEF/HPAL,,,,,,,SULAWESI,,Active,-3.016794486,121.8324283,1355.2,0.1547,1485.6,0.1696,1456.7,3093.7,2062.5,kawasan_hutan,partial_filter (0/6 layers),88.31,115.3,60.0,remote_captive,invest_substation,True,False,True,171.2,18.0,red,proxy_150kV,best_pvout_fallback,,,,,grid_connected_ipp,0.0,0.0,,,,,True,,77.04,88.17,134.43,144.26,75.0,133.9,187.29,88.17,144.26,178.47,228.22,171.07,167.93,656.5,0.0,79.3,1517587500.0,0.1547,True,False,,257.67,0.0,1.89,solar,88.17,39.8,63.08,"I-4/TT LWBP, Permen ESDM No.7/2024",False,65.56,63.08,73.57,117.71,132.43,diesel_peaking,39.8,False,75.4,19.5,False,not_competitive,False,False,False,False,False,False,False,0.0,0.0,0.0,0.0,0.0,proportional,206,0.4938574938574939,True,206 MW solar planned in SULAWESI by 2030,0.63,42.5,-39.8,complete
inalum-asahan,Inalum Asahan,standalone,aluminium,primary_aluminium,250000 TPA,250000.0,Hall-Heroult,Indonesia Asahan Aluminium (Inalum),,,,,North Sumatra,SUMATERA,,Active,3.3611,99.4484,1373.9,0.1568,1383.7,0.158,1375.0,1632.3,1088.2,land_cover,partial_filter (0/6 layers),2.26,13.85,120.0,remote_captive,invest_substation,True,True,True,32.66,30.0,red,actual,best_pvout_fallback,,0.3987,0.399,819.03,grid_connected_ipp,0.0,0.29375813866666667,0.964,2187500.0,2514367.8,0.583,True,3750000.0,75.99,86.97,132.6,109.84,75.0,98.86,155.43,86.97,109.84,144.05,193.8,171.07,167.93,149.2,0.0,77.4,246586120.0,0.1568,True,False,499.14,292.6,0.05,3.62,solar,86.97,37.9,63.08,"I-4/TT LWBP, Permen ESDM No.7/2024",False,65.56,63.08,86.79,104.15,121.51,mixed_dispatch,37.9,False,74.38,17.9,False,not_competitive,False,False,False,False,False,False,False,0.08246546346860627,309.24548800727354,309.24548800727354,0.08246546346860627,0.08246546346860627,proportional,660,0.589041095890411,True,660 MW solar planned in SUMATERA by 2030,0.77,32.7,-37.9,complete
freeport-smelter-gresik,Freeport Smelter Gresik,standalone,aluminium,copper_cathode,300000 TPA,300000.0,Flash Smelting,Freeport Indonesia / Inalum,,,,,East Java,JAVA_BALI,,Active,-7.07726,112.62635,1534.1,0.1751,1637.4,0.1869,1608.2,4355.4,2903.6,land_cover,partial_filter (0/6 layers),3.03,1.77,330.0,remote_captive,invest_substation,True,False,True,36.54,49.5,red,actual,best_pvout_fallback,,0.9899,1.0,880.12,grid_connected_ipp,0.019361173333333332,0.019361173333333332,2.536,2625000.0,3017241.4,0.583,True,4500000.0,68.18,78.04,118.98,89.55,75.0,80.16,128.53,78.04,89.55,123.76,173.52,171.07,167.93,88.8,0.0,77.3,482287960.0,0.1748,False,False,295.35,177.65,0.0845,4.06,solar,78.04,23.7,63.08,"I-4/TT LWBP, Permen ESDM No.7/2024",False,65.56,63.08,57.5,63.25,69.0,jamali_coal_dominant,23.7,False,66.74,5.8,False,not_competitive,False,False,False,False,False,False,False,0.1008943014706845,454.0243566180802,217.93169117667853,0.1008943014706845,0.04842926470592856,proportional,1610,0.37207488299531977,True,1610 MW solar planned in JAVA_BALI by 2030,0.8,19.7,-23.7,complete
pupuk-kaltim-bontang,Pupuk Kaltim Bontang,standalone,fertilizer,urea,2400000 TPA,2400000.0,Ammonia Synthesis,Pupuk Indonesia Group,,,,,East Kalimantan,KALIMANTAN,,Active,0.121,117.5,1358.9,0.1551,1420.9,0.1622,1393.9,6368.2,4245.5,kawasan_hutan,partial_filter (0/6 layers),8.51,2.17,110.0,remote_captive,invest_substation,True,True,True,37.43,38.5,red,actual,best_pvout_fallback,,1.0,1.0,529.93,grid_connected_ipp,0.0,0.0552053125,6.032,1400000.0,1609195.4,0.583,True,2400000.0,76.83,87.93,134.07,103.65,75.0,92.82,148.63,87.93,103.65,137.86,187.62,171.07,167.93,90.8,0.0,79.4,722584100.0,0.1551,True,False,324.12,233.04,0.077,3.96,solar,87.93,39.4,63.08,"I-4/TT LWBP, Permen ESDM No.7/2024",False,65.56,63.08,86.59,129.88,147.2,diesel_peaking,39.4,False,75.2,19.2,False,not_competitive,False,False,False,False,False,False,False,0.12961485561845254,311.0756534842861,87.10118297560011,0.12961485561845254,0.03629215957316671,proportional,327,0.2997858672376874,True,327 MW solar planned in KALIMANTAN by 2030,1.16,22.2,-39.4,complete
pupuk-sriwidjaja-palembang,Pupuk Sriwidjaja Palembang,standalone,fertilizer,urea,2000000 TPA,2000000.0,Ammonia Synthesis,Pupuk Indonesia Group,,,,,South Sumatra,SUMATERA,,Active,-2.9782,104.802,1297.2,0.1481,1367.7,0.1561,1338.5,4898.6,3265.7,land_cover,partial_filter (0/6 layers),1.35,22.34,20.0,remote_captive,grid_first,True,False,True,47.43,6.0,red,proxy_70kV,best_pvout_fallback,,1.0,1.0,462.48,grid_connected_ipp,0.0,0.02088492,5.36,1166666.7,1340996.2,0.583,True,2000000.0,80.48,92.12,140.44,116.73,75.0,105.45,163.57,92.12,116.73,150.94,200.7,171.07,167.93,191.7,0.0,79.8,886637550.0,0.1481,True,False,452.94,287.45,0.0551,3.69,solar,92.12,46.0,63.08,"I-4/TT LWBP, Permen ESDM No.7/2024",False,65.56,63.08,86.79,104.15,121.51,mixed_dispatch,46.0,False,78.78,24.9,False,not_competitive,False,False,False,False,False,False,False,0.08246546346860628,164.93092693721255,65.97237077488502,0.08246546346860628,0.03298618538744252,proportional,660,0.589041095890411,True,660 MW solar planned in SUMATERA by 2030,0.77,39.8,-46.0,complete
petrokimia-gresik,Petrokimia Gresik,standalone,fertilizer,urea,3400000 TPA,3400000.0,Ammonia Synthesis,Pupuk Indonesia Group,,,,,East Java,JAVA_BALI,,Active,-7.151,112.651,1551.6,0.1771,1656.4,0.1891,1634.1,4525.5,3017.0,land_cover,partial_filter (0/6 layers),1.44,6.29,140.0,remote_captive,invest_substation,True,False,True,53.31,21.0,red,actual,best_pvout_fallback,,1.0,1.0,657.47,grid_connected_ipp,0.0,0.07794508235294119,3.528,1983333.3,2279693.5,0.583,True,3400000.0,67.29,77.01,117.42,89.85,75.0,80.61,128.21,77.01,89.85,124.06,173.82,171.07,167.93,111.5,0.0,78.9,574436800.0,0.1771,True,False,401.24,200.53,0.0622,3.78,solar,77.01,22.1,63.08,"I-4/TT LWBP, Permen ESDM No.7/2024",False,65.56,63.08,57.5,63.25,69.0,jamali_coal_dominant,22.1,False,65.86,4.4,False,not_competitive,False,False,False,False,False,False,False,0.10089430147068448,343.0406250003272,164.65950000015707,0.10089430147068448,0.04842926470592855,proportional,1610,0.37207488299531977,True,1610 MW solar planned in JAVA_BALI by 2030,0.8,18.3,-22.1,complete
pupuk-kujang-cikampek,Pupuk Kujang Cikampek,standalone,fertilizer,urea,1140000 TPA,1140000.0,Ammonia Synthesis,Pupuk Indonesia Group,,,,,West Java,JAVA_BALI,,Active,-6.41,107.457,1425.3,0.1627,1512.2,0.1726,1420.6,3506.3,2337.5,land_cover,partial_filter (0/6 layers),3.54,2.45,60.0,remote_captive,invest_substation,True,False,True,2.74,18.0,red,proxy_150kV,substation_anchored,GI 150 kV Dawuan - Kosambi Baru 1,0.499,0.4973,239.96,grid_connected_ipp,0.0,0.0,7.442,665000.0,764367.8,0.583,True,1140000.0,73.25,83.84,127.82,101.82,75.0,91.19,145.95,83.84,101.82,136.03,185.78,171.07,167.93,92.2,0.0,79.4,401115000.0,0.1627,True,False,499.14,153.89,0.05,3.02,solar,83.84,32.9,63.08,"I-4/TT LWBP, Permen ESDM No.7/2024",False,65.56,63.08,57.5,63.25,69.0,jamali_coal_dominant,32.9,False,71.7,13.7,False,not_competitive,False,False,False,False,False,False,False,0.1008943014706845,115.01950367658033,138.0234044118964,0.1008943014706845,0.1210731617648214,proportional,1610,0.37207488299531977,True,1610 MW solar planned in JAVA_BALI by 2030,0.8,27.3,-32.9,complete
pupuk-iskandar-muda-lhokseumawe,Pupuk Iskandar Muda Lhokseumawe,standalone,fertilizer,urea,1140000 TPA,1140000.0,Ammonia Synthesis,Pupuk Indonesia Group,,,,,Aceh,SUMATERA,,Active,5.235,97.055,1407.4,0.1607,1452.0,0.1657,1403.1,2399.5,1599.7,land_cover,partial_filter (0/6 layers),4.37,9.12,60.0,remote_captive,invest_substation,True,True,True,15.26,15.0,red,actual,best_pvout_fallback,,1.0,1.0,242.94,grid_connected_ipp,0.0,0.0,4.89,665000.0,764367.8,0.583,True,1140000.0,74.18,84.9,129.45,105.82,75.0,95.07,150.51,84.9,105.82,140.03,189.78,171.07,167.93,125.6,0.0,79.1,327458590.0,0.1607,True,False,492.25,116.51,0.0507,3.63,solar,84.9,34.6,63.08,"I-4/TT LWBP, Permen ESDM No.7/2024",False,65.56,63.08,86.79,104.15,121.51,mixed_dispatch,34.6,False,72.61,15.1,False,not_competitive,False,False,False,False,False,False,False,0.08246546346860628,94.01062835421116,72.0182284774062,0.08246546346860628,0.06317388462930368,proportional,660,0.589041095890411,True,660 MW solar planned in SUMATERA by 2030,0.77,29.9,-34.6,complete
